entityid,entityname,principaladdress1,principaladdress2,principalcity,principalstate,principalzipcode,principalcountry,mailingaddress1,mailingaddress2,mailingcity,mailingstate,mailingzipcode,mailingcountry,entitystatus,jurisdictonofformation,entitytypeverbatim,entitytype,agentfirstname,agentmiddlename,agentlastname,agentsuffix,agentorganizationname,agentprincipaladdress1,agentprincipaladdress2,agentprincipalcity,agentprincipalstate,agentprincipalzipcode,agentprincipalcountry,agentmailingaddress1,agentmailingaddress2,agentmailingcity,agentmailingstate,agentmailingzipcode,agentmailingcountry,entityformdate
19871449576,"COLUMBINE DAIRY KING, INC., Dissolved July 3, 2002",,,,,,,,,,,,,Administratively Dissolved,,Corporation,DPC,,,,,,,,,,,,,,,,,,09/22/1981
19871202577,"MESA COUNTY DAIRY HERD IMPROVEMENT ASSOCIATION, INC., Dissolved May 1, 1995",,,,,,,,,,,,,Administratively Dissolved,,Nonprofit Corporation,DNC,,,,,,,,,,,,,,,,,,07/29/1968
19931039002,"RAYMOND DAIRY, INC.",1412 M 3/4 RD,,Loma,CO,81524,US,,,,,,,Good Standing,,Corporation,DPC,ROBERT,H.,RAYMOND,,,1412 M 3/4 RD,,LOMA,CO,81524,US,,,,,,,04/13/1993
19871360686,"G W DAIRY CO., Dissolved October 1, 1999",,,,,,,,,,,,,Administratively Dissolved,,Corporation,DPC,,,,,,,,,,,,,,,,,,12/07/1978
19871361690,"DOVE MEADOW DAIRY, INC.",10571 COUNTY ROAD 37,,Fort Lupton,CO,80621,US,,,,,,,Good Standing,,Corporation,DPC,DENNIS,,COOK,,,10571 COUNTY ROAD 37,,FT LUPTON,CO,80621,US,,,,,,,12/28/1978
19951034842,"DAIRY FACILITIES, L.L.C., Dissolved January 1, 2001",,,,,,,,,,,,,Administratively Dissolved,,Limited Liability Company,DLLC,JAMES,R.,KRENDL,,,KRENDL HOROWITZ & KRENDL 370 17TH ST STE 5350,,DENVER,CO,80202,US,,,,,,,03/16/1995
19981026036,"DAIRY ENTERPRISES, INC., Delinquent July 1, 2011",1955 CEDAR AVE,,Canyon City,CO,81212,US,,,,,,,Delinquent,,Corporation,DPC,RICHARD,A,NICHOLS,,,1955 CEDAR AVE,,CANON CITY,CO,81212,US,,,,,,,02/10/1998
19921001487,"WEBB DAIRY & FARM, INC.",5644 HIGHWAY 348,,Olathe,CO,81425,US,5600 HIIGHWAY 348,,Olathe,CO,81425,US,Good Standing,,Corporation,DPC,ROBERT,L.,WEBB,,,5600 HIGHWAY 348,,OLATHE,CO,81425,US,,,,,,,01/07/1992
19971018478,"BUSKER DAIRY, LLC, Dissolved October 7, 1999",7678 WCR 17,,Fort Lupton,CO,80621,US,,,,,,,Voluntarily Dissolved,,Limited Liability Company,DLLC,GEORGE,H.,OTTENHOFF,,,1011 11TH AVE,,GREELEY,CO,80631,US,,,,,,,02/06/1997
19881020764,"W-G DAIRY DISTRIBUTORS, LTD.",1983 TOWER RD,,Aurora,CO,80011,US,,,,,,,Exists,,Limited Partnership,DLP,KENNETH,M.,KEGERREIS,,,1983 TOWER RD,,AURORA,CO,80011,US,,,,,,,03/23/1988
19931062940,"ZITEK DAIRY, INC.",46499 WCR 136,,Grover,CO,80729,US,,,,,,,Good Standing,,Corporation,DPC,MERLE,,ZITEK,,,46499 WCR 136,,GROVER,CO,80729,US,,,,,,,06/17/1993
19871694963,"CONEY ISLAND DAIRYLAND, INC., Dissolved August 1, 2001",25877 CONIFER RD,,Conifer,CO,80433,US,,,,,,,Administratively Dissolved,,Corporation,DPC,,,,,,,,,,,,,,,,,,10/28/1986
19961092956,CAMERLO DAIRY LLC,800 N. Frazier Ave.,,Florence,CO,81226-1065,US,800 N. Frazier Ave.,,Florence,CO,81226-1065,US,Good Standing,,Limited Liability Company,DLLC,Robert,E.,Hammel,,,800 N. Frazier Ave.,,Florence,CO,81226-1065,US,800 N. Frazier Ave.,,Florence,CO,81226-1065,US,07/15/1996
19871688864,"SMITH DAIRY LIMITED PARTNERSHIP, Dissolved June 12, 2007",,,,,,,4194 County Road 30,,Yuma,CO,80759,US,Voluntarily Dissolved,,Limited Partnership,DLP,RICHARD,E.,SMITH,,,4194 COUNTY ROAD 30,,YUMA,CO,80759,US,,,,,,,09/12/1986
19901099429,"H & K DAIRY, INC., Dissolved May 26, 2008",9090 PAINTED HORSE LN,,Wellington,CO,80549,US,9090 Painted Horse Lane,,Wellington,CO,80549,US,Voluntarily Dissolved,,Corporation,DPC,C.,RICHARD,HAWLEY,,,9090 PAINTED HORSE LN,,WELLINGTON,CO,80549,US,,,,,,,11/02/1990
19981132415,"DESERT DAIRY SPECIALISTS LLC, Dissolved January 17, 2008",630 O ST,,Greeley,CO,80631,US,PO BOX 1240,,Greeley,CO,80632,US,Voluntarily Dissolved,,Limited Liability Company,DLLC,,,,,"National Registered Agents, Inc",7700 E Arapahoe Rd Ste 220,,Centennial,CO,80112-1268,US,,,,,,,07/20/1998
19981132915,"GRAFF DAIRY, LLC, Delinquent January 1, 2011",575 29 ROAD,,Grand Junction,CO,81504,US,,,,,,,Delinquent,,Limited Liability Company,DLLC,JUDY,GRAFF,NICHOLS,,,575 29 ROAD,,GRAND JUNCTION,CO,81504,US,,,,,,,07/21/1998
19871717030,"BROWN FARMS DAIRY, INC.",801 Colorado Avenue,,Glenwood Springs,CO,81601,US,,,,,,,Good Standing,,Corporation,DPC,WALTER,E.,BROWN,III,,801 Colorado Avenue,,GLENWOOD SPRINGS,CO,81601,US,,,,,,,03/23/1987
19871717862,"DAIRYLAND RESOURCES INC., Dissolved August 31, 2005",8825 E SPEEDWAY,,Tucson,AZ,85710,US,PO BOX 13205,,Tucson,AZ,85732-3205,US,Administratively Dissolved,,Corporation,DPC,KENNETH,,RINGLING,,,1901 N UNION STE 202,,COLORADO SPRINGS,CO,80909,US,,,,,,,03/27/1987
19871718618,"SINTON DAIRY FOODS COMPANY, INC.>>, Colorado Authority Terminated May 20, 2004",3801 N SINTON RD,,Colorado Springs,CO,80907,US,,,,,,,Withdrawn,,Foreign Corporation,FPC,,,,,The Corporation Company,7700 E Arapahoe Rd Ste 220,,Centennial,CO,80112-1268,US,,,,,,,04/01/1987
19871145887,"KARL'S FARMS DAIRY, INC., Dissolved November 26, 2013",1621 E. 120 th ave,,Northglenn,CO,80233,US,1621 E.120th ave,,Northglenn,CO,80233,US,Voluntarily Dissolved,,Corporation,DPC,KAREN,,SWAITHES,,,1621 e 120th ave,,Northglenn,CO,80233,US,1621 e 120 th ave,,Northglenn,CO,80233,US,12/11/1959
19991247767,"DAIRY RESEARCH & TECHNOLOGY, LLC.",6427 Weld County Road 68 1/2,,Windsor,CO,80550,US,,,,,,,Good Standing,,Limited Liability Company,DLLC,Marguerita,,Cattell,,,PO Box 920,,LaPorte,CO,80535,US,"2001 S Shields St, Ste H200",,Fort Collins,CO,80526,US,12/31/1999
19871702174,BURGESS DAIRY QUEEN PARTNERSHIP LTD.,,,,,,,,,,,,,Exists,,Limited Partnership,DLP,ROBERT,F.,BURGESS,,,"1815 REGAL COURT, UNIT A",,LOUISVILLE,CO,80027,US,,,,,,,12/19/1986
19871549795,DAIRY ENGINEERING COMPANY,Dairy Engineering Company,5783H Sheridan Frontage Rd.,Arvada,CO,80002,US,Dairy Engineering Company,5783H Sheridan Frontage Rd,Arvada,CO,80002,US,Good Standing,,Corporation,DPC,WILLIAM,,HIRSH,,,Dairy Engineering Company,5783H Sheridan Frontage Rd.,Arvada,CO,80002,US,5783H SHERIDAN FRONTAGE RD,5783H Sheridan Frontage Rd,ARVADA,CO,80002,US,12/16/1983
19961104929,"ASH LANE DAIRY, LLC",4320 65 th Ave,,Greeley,CO,80634,US,4603 83rd Ave,,Greeley,CO,80634,US,Good Standing,,Limited Liability Company,DLLC,GERALD,D.,MOSSBERG,,,4603 83RD AVE,,GREELEY,CO,80634,US,,,,,,,08/09/1996
19971036250,"DAIRY PARTNERS, LLC, Colorado Authority Terminated September 1, 2002",1910 DECHERD BLVD 2ND FLOOR,,Decherd,TN,37324,US,PO BOX 188,,Winchester,TN,37398,US,Revoked,,Foreign Limited Liability Company,FLLC,,,,,,,,,,,,,,,,,,03/10/1997
19871158623,WILLETT DAIRY FARM & CATTLE CO.,20789 CR 28,,Sanford,CO,81151,US,20785 County RD 28,,Sanford,CO,81151,US,Good Standing,,Corporation,DPC,Marilyn,L,Willett,,,20785 CR 28,,SANFORD,CO,81151,US,20785 County RD 28,Cross Arrow Ranch,Sanford,CO,81151,US,02/19/1962
19871160004,TWO BAR C DAIRY INC,15300 E 144TH AVE,,Brighton,CO,80601,US,,,,,,,Good Standing,,Corporation,DPC,STEVE,Leroy,GASKINS,,,15300 E 144TH AVE,,BRIGHTON,CO,80601,US,,,,,,,05/09/1962
19871176374,"ROYAL CREST DAIRY, INC.",350 S PEARL ST,,Denver,CO,80209,US,,,,,,,Good Standing,,Corporation,DPC,Dana,L.,Eismeier,,,"6400 S FIDDLERS GREEN CIR., #1000",,Greenwood Village,CO,80111,US,,,,,,,11/05/1964
20001016904,"WEST DAIRY, LLC","4845 Pear East Circle, Ste 101",Box 101,Boulder,CO,80301,US,,,,,,,Good Standing,,Limited Liability Company,DLLC,MICHAEL,D.,DOLLAGHAN,,,"4845 Pearl East Circle, Ste 101",Box 101,Boulder,CO,80301,US,,,,,,,01/26/2000
19871402719,"DAIRY DELITE OF COLORADO, INC.",3080 WEST EISENHOWER,,Loveland,CO,80537,US,,,,,,,Good Standing,,Corporation,DPC,MICHAEL,R.,EMBKE,,,3080 WEST EISENHOWER,,LOVELAND,CO,80537,US,,,,,,,05/15/1980
19971037511,"BOULDER DAIRY INC., Dissolved January 2, 2000",,,,,,,,,,,,,Administratively Dissolved,,Corporation,DPC,,,,,,,,,,,,,,,,,,03/11/1997
19961009568,MARRS MILKY WAY DAIRY LLP,2528 CR 19,,Fort Lupton,CO,80621,US,,,,,,,Good Standing,,Limited Liability Partnership,DLLP,Barry,L,Marrs,,,2528 CR 19,,Fort Lupton,CO,80621,US,2528 County Road 19,,Fort Lupton,CO,80621,US,01/22/1996
19911025501,"BERNHARDT DAIRY FARM, INC.",12281 COLO ST HWY 60,,Milliken,CO,80543,US,,,,,,,Good Standing,,Corporation,DPC,TIMOTHY,A.,BERNHARDT,,,12281 COLO ST HWY 60,,MILLIKEN,CO,80543,US,,,,,,,04/12/1991
19871414621,TUCKER DAIRY CO.,43550 WELD COUNTY ROAD 39,,Pierce,CO,80650,US,,,,,,,Good Standing,,Corporation,DPC,CHARLEY,R.,TUCKER,,,43550 WELD COUNTY ROAD 39,,PIERCE,CO,80650,US,,,,,,,10/14/1980
19951079755,"STERLING DAIRY QUEEN, INC., Delinquent May 1, 2013",701 W MAIN,,Sterling,CO,80751,US,,,,,,,Delinquent,,Corporation,DPC,LARRY,E.,AKERS,,,909 HOLLY DR,,STERLING,CO,80751,US,,,,,,,06/20/1995
19871209473,"MAXWELL DAIRY FARM, INC., Dissolved February 12, 2013",5117 NW  FRONTAGE ROAD,,Fort Collins,CO,80524,US,1310 VERMONT AVE,,Etowah,TN,37331,,Voluntarily Dissolved,,Corporation,DPC,LARRY,,MAXWELL,,,5117 NW FRONTAGE ROAD,,FORT COLLINS,CO,80524,US,,,,,,,06/05/1969
19911056494,"THOMPSON DAIRY, INC., Dissolved May 1, 2004",POB 298,,Palmer Lake,CO,80133,US,,,,,,,Administratively Dissolved,,Corporation,DPC,,,,,,,,,,,,,,,,,,07/22/1991
19871759224,"TRIAD DAIRY QUEEN, INC., Dissolved September 1, 2000",,,,,,,,,,,,,Administratively Dissolved,,Corporation,DPC,,,,,,,,,,,,,,,,,,11/10/1987
19971158529,"MORWAI DAIRY, LLC",19999 WCR 28,,Hudson,CO,80642,US,P.O. Box 205,,Fort Lupton,CO,80621,US,Good Standing,,Limited Liability Company,DLLC,John,R,Moser,,,6600 W 20th #11,,Greeley,CO,80634,US,P.O. Box 205,,FORT LUPTON,CO,80621,US,10/02/1997
19871213093,"HYGIENE DAIRY COMPANY, Delinquent April 1, 2007",6295 MISTY WY,,Longmont,CO,80503-8895,US,,,,,,,Delinquent,,Corporation,DPC,N.,FAY,RUCKER,,,6295 MISTY WY,,LONGMONT,CO,80503-8895,US,,,,,,,10/15/1969
19871766964,"HULSTROM DAIRY, INC.",2714 WELD CTY RD 7,,Erie,CO,80516,US,,,,,,,Good Standing,,Corporation,DPC,RONALD,C.,HULSTROM,,,2714 WELD CTY RD 7,,ERIE,CO,80516,US,,,,,,,12/29/1987
19911102310,"DAIRY KREME OF RIFLE, INC., Dissolved October 1, 2000",,,,,,,,,,,,,Administratively Dissolved,,Corporation,DPC,,,,,,,,,,,,,,,,,,12/17/1991
19871233153,"WESTERN DAIRY COUNCIL, INC., Dissolved December 28, 2012",12000 WASHINGTON STE 175,,Thornton,CO,80241,US,,,,,,,Voluntarily Dissolved,,Nonprofit Corporation,DNC,CYNTHIA,S,HAREN,,,12000 WASHINGTON,STE 175,THORNTON,CO,80241,US,,,,,,,01/17/1936
20001071371,"THE DAIRY HUT, LLC, Dissolved September 30, 2004",492 4TH ST,,Deer Trail,CO,80105,US,PO BOX 130,,Deer Trail,CO,80105,US,Administratively Dissolved,,Limited Liability Company,DLLC,ROBERT,L.,SANGER,,,492 4TH ST,,DEER TRAIL,CO,80105,US,PO BOX 188,,DEER TRAIL,CO,80105,US,04/10/2000
20131440082,Prado Dairy,23360 WCR 35,,La Salle,CO,80645,US,,,,,,,Good Standing,,Foreign Other,FO,MARK,,VANDER DUSSEN,,,23360 WCR 35,,LASALLE,CO,80645,US,,,,,,,07/29/2013
19871596755,"BECKSTED DAIRY, INC.",3508 East County Rd 68,,Wellington,CO,80549,US,,,,,,,Good Standing,,Corporation,DPC,BECK,W.,BECKSTED,,,3508 East County Rd 68,,WELLINGTON,CO,80549,US,,,,,,,12/03/1984
19871242588,Western Dairy Association,12134 Grant Circle,,Thornton,CO,80241,US,,,,,,,Good Standing,,Nonprofit Corporation,DNC,Clifford,,Darlene,,,12134 Grant Circle,,Thornton,CO,80241,US,,,,,,,05/22/1972
19871252676,"HERMIT HAVEN DAIRY, INC.",18453 CR 37,PO BOX 265,Holyoke,CO,80734,US,,,,,,,Good Standing,,Corporation,DPC,RICHARD,,NEWTON,,,18453 CR 37,,HOLYOKE,CO,80734,US,PO BOX 265,,HOLYOKE,CO,80734,US,01/08/1973
19991144052,"HAAKE DAIRY, INC., Dissolved December 18, 2007",322 Curtis,,Rush,CO,80723,US,322 Curtis,,Rush,CO,80723,US,Voluntarily Dissolved,,Corporation,DPC,,,,,"HAAKE DAIRY, INC.",322 Curtis,,Brush,CO,80723,US,,,,,,,08/02/1999
19871144417,"ROCKY MOUNTAIN DAIRY PRODUCTS CO., Dissolved June 1, 2004",,,,,,,,,,,,,Administratively Dissolved,,Corporation,DPC,,,,,,,,,,,,,,,,,,08/04/1959
20001131183,"BOREALIS DAIRY HOLDINGS--GEORGIA, LLC, Dissolved December 1, 2002",7228 STATE HWY 66,,Platteville,CO,80651,US,,,,,,,Administratively Dissolved,,Limited Liability Company,DLLC,LEE,F.,SACHNOFF,,,370 17TH ST STE 5350,,DENVER,CO,80202,US,,,,,,,07/03/2000
19921033217,"LOVELAND DAIRY QUEEN, INC.",4942 ST ANDREWS CT,,Loveland,CO,80537,US,300 E. Eisenhower Blvd.,,Loveland,CO,80537,US,Good Standing,,Corporation,DPC,CRAIG,A.,LINDBERG,,,300 E Eisenhower Blvd,,LOVELAND,CO,80537,US,300 E. Eisenhower Blvd.,,Loveland,CO,80537,US,03/31/1992
19881109059,"STRUCK DAIRY, INC., Dissolved April 6, 2006",507 WELD COUNTY ROAD # 23 1/2,,Brighton,CO,80603,US,507 Weld County Rd #23 1/2,,Brighton,CO,80603,US,Voluntarily Dissolved,,Corporation,DPC,JAMES,,STRUCK,,,507 WELD COUNTY ROAD # 23 1/2,,BRIGHTON,CO,80603,US,,,,,,,12/28/1988
19881110116,"VON FELDT DAIRY, INC.",10933 WELD CTY RD 22,,Fort Lupton,CO,80621,US,,,,,,,Good Standing,,Corporation,DPC,Daniel,L,Von Feldt,,,10933 WELD CTY RD 22,,FT LUPTON,CO,80621,US,,,,,,,12/30/1988
19871465584,"AMERICAN DAIRY AND FOOD CONSULTING LABORATORIES, INC.",1280 PARKER RD,,Denver,CO,80231,US,,,,,,,Good Standing,,Corporation,DPC,DAVID,MICHAEL,HOWE,Jr.,,"7430 EAST CALEY AVE, STE 300E",,CENTENNIAL,CO,80111,US,,,,,,,02/19/1982
19891000570,"COLORADO DAIRY QUEEN OPERATORS ASSOCIATION, INC.",10632 Wolff Way,,Westminster,CO,80031,US,,,,,,,Good Standing,,Cooperative Association,DC55,Ronald,c,Wickham,,,10632 Wolff Way,,Westminster,CO,80031,US,10632 Wolff Way,,Westminister,CO,80031,US,01/04/1989
20001178927,"DAIRY CALF MANAGEMENT, INC., Dissolved December 14, 2004",2056 E CTY RD 7,,Loveland,CO,80537,US,2056 E. COUNTY ROAD 7,,Loveland,CO,80537,US,Voluntarily Dissolved,,Corporation,DPC,CHRIS,,BLEES,,,630 SOUTHPOINTE CT STE 200,,COLORADO SPRINGS,CO,80906,US,,,,,,,09/13/2000
19941000480,"SOUTHWEST PLAZA DAIRY QUEEN, INC., Dissolved February 1, 2005",7135 S Gray Ct,,Littleton,CO,80128,US,7135 S Gray Ct,,Littleton,CO,80128,US,Voluntarily Dissolved,,Corporation,DPC,KURT,,Musgrave,,,7135 S Gray ct,,LITTLETON,CO,80128,US,,,,,,,01/04/1994
19871224570,"NICHOLS DAIRY, INC., Delinquent May 1, 2013",1536 WILLOW ST,,Canyon City,CO,81212,US,,,,,,,Delinquent,,Corporation,DPC,,,,,NICHOLS DAIRY,1536 WILLOW ST,,CANON CITY,CO,81212,US,,,,,,,12/01/1970
19891013917,"FRESNO DAIRY, LTD.",,,,,,,,,,,,,Exists,,Limited Partnership,DLP,DOUGLAS,S.,HOLDEN,,,9565 W KENTUCKY AVE,,LAKEWOOD,CO,80226,US,,,,,,,03/03/1989
19961161524,"LW DAIRY, INC.",22168 WCR 61,,Kersey,CO,80644,US,,,,,,,Good Standing,,Corporation,DPC,LINDA,,WOLFE,,,22168 WCR 61,,KERSEY,CO,80644,US,,,,,,,12/12/1996
19871281946,"LOWELL-PAUL DAIRY, INC., Delinquent February 1, 2014",1121 47th Avenue,,Greeley,CO,80634,US,,,,,,,Delinquent,,Corporation,DPC,James,,Fuller,,,1630 25th Avenue,,Greeley,CO,80634,US,,,,,,,01/10/1975
19961164290,"BEARSON DAIRY, L.L.C.",9208 WCR 25,,Fort Lupton,CO,80621,US,,,,,,,Good Standing,,Limited Liability Company,DLLC,BRADLEY,,BEARSON,,,9208 WCR 25,,FT LUPTON,CO,80621,US,,,,,,,12/18/1996
20041070629,"THE DAIRY AUTHORITY, PROF. LLC",8215 W. 2nd St.,Unit A,Greeley,CO,80634,US,6239 W. 2nd St,,Greeley,CO,80634,US,Good Standing,,Limited Liability Company,DLLC,GREGORY,M.,GOODELL,,,8215 W. 20th St.,Unit A,GREELEY,CO,80634,US,6239 W. 2nd St.,,Greeley,CO,80634,US,02/26/2004
19951007473,"HAYSTACK MOUNTAIN GOAT DAIRY, INC.",1121 Colorado Ave. Unit A,,Longmont,CO,80501,US,,,,,,,Good Standing,,Corporation,DPC,Charles,,Hellmer,,,1121 Colorado Ave. Unit A,,Longmont,CO,80501,US,,,,,,,01/20/1995
20041344742,"Dairy Air Aircraft Services, LLC, Delinquent December 1, 2005",8200 N. Sheridan Blvd. #208,,Westminster,CO,80003,US,,,,,,,Delinquent,,Limited Liability Company,DLLC,Joshua,Steven,Mittelsted,,,8200 N. Sheridan Blvd. #208,,westminster,CO,80003,US,,,,,,,10/04/2004
20041358229,"Front Range Dairy, LLC",9743 cr 16,,Fort Lupton,CO,80621,US,9743 cr 16,,Fort Lupton,CO,80621,US,Good Standing,,Limited Liability Company,DLLC,David,,DeHaan,,,9743 Weld County Road 16,,Fort Lupton,CO,80621,US,,,,,,,10/13/2004
20051212988,"Dairy Production Systems-Mississippi, LLC, Delinquent October 1, 2012",23343 NW CR 236,,High Springs,FL,32643,US,,,,,,,Delinquent,,Limited Liability Company,DLLC,,,,,"REGISTERED AGENT SOLUTIONS, INC.",36 South 18th Avenue,Suite D,Brighton,CO,80601,US,,,,,,,05/27/2005
19891057738,"DUO DAIRY, LTD., LLLP, Delinquent July 1, 2005",6875 NCR 9,,Loveland,CO,80538,US,,,,,,,Delinquent,,Limited Liability Limited Partnership,DLLLP,MICHAEL,,DICKINSON,,,6875 NCR 9,,LOVELAND,CO,80538,US,,,,,,,05/25/1989
20021266632,"STEGNER BROS. DAIRY LLP, Withdrawn February 7, 2012",2129 W CR 54 G,,Fort Collins,CO,80524,US,2219 W CR 54 G,,Fort Collins,CO,80524,US,Withdrawn,,General Partnership,GP,John,F.,Stegner,,,2219 W CR 54 G,,Fort Collins,CO,80524,US,,,,,,,09/26/2002
20031242666,"JOHNSON DAIRY, L.L.C.",23016 WCR 74,,Eaton,CO,80615,US,300 E. 16th Street #301,,Greeley,CO,80631,US,Good Standing,,Limited Liability Company,DLLC,JOHN,D.,JOHNSON,,,300 E. 16th Street #301,,Greeley,CO,80631,US,300 E. 16th Street #301,,Greeley,CO,80631,US,07/29/2003
20031375108,"AURORA DAIRY - MISSISSIPPI, LLC, Dissolved November 2, 2006",23343 NW CR 236,,High Springs,FL,32643,US,23343 NW CR 236,,High Springs,FL,32643,US,Voluntarily Dissolved,,Limited Liability Company,DLLC,,,,,,,,,,,,,,,,,,11/25/2003
19951008368,"GRIFFITH DAIRY, INC.",16120 MCR 24,,Fort Morgan,CO,80701,US,,,,,,,Good Standing,,Corporation,DPC,HAROLD,,GRIFFITH,,,16120 MCR 24,,FORT MORGAN,CO,80701,US,16841 County Road 26,,Brush,CO,80723,US,01/24/1995
19991205069,"FOSS DAIRY FARM, LLLP",32970 COUNTY RD 59,,Gill,CO,80624,US,32687 County Road 59,,Gill,CO,80624,US,Good Standing,,Limited Liability Limited Partnership,DLLLP,Robin,L,Meireis,,,32970 COUNTY RD 59,,GILL,CO,80624,US,32687 County Road 59,,Gill,CO,80624,US,11/01/1999
20071067510,"South College Dairy Queen, LLC",1805 S. College Avenue,,Fort Collins,CO,80525,US,P.O. Box 471,,Fort Collins,CO,80522,US,Good Standing,,Limited Liability Company,DLLC,K. Bill,,Tiley,,,3220 Michelle Lane,,Fort Collins,CO,80525,US,P.O. Box 471,,Fort Collins,CO,80522,US,02/08/2007
20001143719,"MORNING FRESH DAIRY FARM, LLC",5821 W CR 54,PO Box 312,Bellvue,CO,80512,US,5821 W County Rd 54E,PO Box 312,Bellvue,CO,80512,US,Good Standing,,Limited Liability Company,DLLC,ROBERT,L.,GRAVES,,,5821 W CR 54,,BELLVUE,CO,80512,US,,,,,,,07/24/2000
20001210736,KERBS DAIRY LLC,33500 County Road  #55,,Gill,CO,80624,US,33500 County Road  55,,"Gill,",CO,80624,US,Good Standing,,Limited Liability Company,DLLC,ELIZABETH,A,KERBS,,,33500 County Road  55,,GILL,CO,80624,US,33500 County Road  55,,Gill,CO,80624,US,10/30/2000
20061066372,"PODTBURG & SONS DAIRY, LLC",12669 Weld County Road 66,,Greeley,CO,80631,US,,,,,,,Good Standing,,Limited Liability Company,DLLC,Jeff,Carl,Podtburg,,,32501 WCR 27,,"Greeley, CO",CO,80631,US,,,,,,,02/13/2006
20061069633,"Stinar Dairy, LLC, Delinquent August 1, 2012",28850 WCR 46,,Kersey,CO,80644,US,,,,,,,Delinquent,,Limited Liability Company,DLLC,Stinar,R,Shane,,,2521 15th Ave Ct,,Greeley,CO,80631.,US,,,,,,,02/15/2006
19971206001,"Podtburg Dairy Limited Partnership, LLLP",37905 WCR 35,,Eaton,CO,80615,US,37905 WCR 35,,Eaton,CO,80615,US,Good Standing,,Limited Liability Limited Partnership,DLLLP,GREG,,PODTBURG,,,37905 WCR 35,,Eaton,CO,80615,US,37905 WCR 35,,Eaton,CO,80615,US,12/22/1997
20061287326,"BOS Dairy, LLC, Dissolved October 21, 2009",27906 WCR 388,,Kersey,CO,80644,US,27906 WCR 388,,Kersey,CO,80644,US,Voluntarily Dissolved,,Limited Liability Company,DLLC,Scott,R.,Cockroft,,,27906 WCR 388,,Kersey,CO,80644,US,,,,,,,07/14/2006
19871306387,"CENTRAL COLORADO DAIRY HERD IMPROVEMENT CORPORATION, Dissolved July 7, 2009",122 1st St.,,Eaton,CO,80615,US,122 1st St,,Eaton,CO,80615,US,Voluntarily Dissolved,,Nonprofit Corporation,DNC,BILL,,WAILES,,,122 1st ST.,,Eaton,CO,80615,US,,,,,,,06/17/1976
20021297368,"ORO BLANCO DAIRY INC., Delinquent April 1, 2007",122 1ST ST,,Eaton,CO,80615,US,,,,,,,Delinquent,,Corporation,DPC,DANA,,SCHEIDECKER,,,124 OAK AVE,,EATON,CO,80615,US,PO BOX 337,,EATON,CO,80615,US,10/25/2002
20061365560,"Dairy Holdings of Texas, LLC, Dissolved October 23, 2006","1401 Walnut Street, Suite 500",,Boulder,CO,80302,US,1401 Walnut Street,Suite 500,Boulder,CO,80302,US,Voluntarily Dissolved,,Limited Liability Company,DLLC,Lee,F.,Sachnoff,,,"370 17th Street, Suite 5350",,Denver,CO,80202,US,,,,,,,09/07/2006
20091140941,"Dairy Cow Testers, LLC, Dissolved January 17, 2018",15651 WCR 108,,Nunn,CO,80648,US,15651 WCR 108,,Nunn,CO,8068,US,Voluntarily Dissolved,,Limited Liability Company,DLLC,Sherri,Renee,Rouse,,,15651 WCR 108,,Nunn,CO,80648,US,,,,,,,03/09/2009
20091153002,"Nickol's Dairy dba Hillside Wholesome Milk Products LLC, Delinquent September 1, 2010",2406 West 11th street,,Pueblo,CO,81003,US,Po Box 11040,,Pueblo,CO,81001,US,Delinquent,,Limited Liability Company,DLLC,Brandon,Alan,Karle,,,3203 Gem Drive,,Pueblo,CO,81005,US,Po Box 11040,,Pueblo,CO,81001,US,03/14/2009
20091233691,ROSSI DAIRY PRODUCE LLC,19150 WCR 10,,Hudson,CO,80642,US,,,,,,,Good Standing,,Limited Liability Company,DLLC,ANITA,,ROSSI,,,19150 WCR 10,,HUDSON,CO,80642,US,,,,,,,04/27/2009
20091225958,"Mongolian Dairy llc, Delinquent October 1, 2010",3050 S Roslyn St,,Denver,CO,80231,US,,,,,,,Delinquent,,Limited Liability Company,DLLC,James,,Selkin,,,3050 S Roslyn St,,Denver,CO,80231,US,,,,,,,04/22/2009
20011022333,COTTONWOOD DAIRY INC.,9033 WCR 26,,Fort Lupton,CO,80621,US,,,,,,,Good Standing,,Corporation,DPC,Steven,,McClay,,,9033 WCR 26,,FORT LUPTON,CO,80621,US,9033 CR 26,,Fort Lupton,CO,80621,US,01/30/2001
20081292014,dairy inc.,56551 E. Colfax Ave. A,,Strasburg,CO,80136,US,PO Box 5,,Kiowa,CO,80117,US,Good Standing,,Corporation,DPC,Terry,D,Lisco,,,PO Box 5,,Kiowa,CO,80117,US,Po Box 5,,Kiowa,CO,80117,US,05/29/2008
20081478948,"Pheasant Hills Dairy, LLC, Dissolved April 6, 2011",1105 WCR 53,,Keenesburg,CO,80643,US,1105 WCR 53,,Keenesburg,CO,80643,US,Voluntarily Dissolved,,Limited Liability Company,DLLC,William,,DeGroot,,,1105 WCR 53,,Keenesburg,CO,80643,US,,,,,,,09/08/2008
19871311235,"BURLINGTON DAIRY QUEEN, INC., Dissolved August 28, 2001",,,,,,,,,,,,,Voluntarily Dissolved,,Corporation,DPC,,,,,,,,,,,,,,,,,,09/30/1976
20081614180,"Capering Goat Dairy, LLC",5012 Valhalla Drive,,Boulder,CO,80301,US,,,,,,,Good Standing,,Limited Liability Company,DLLC,Margaret,A.W.,Hollander,,,5012 Valhalla Drive,,Boulder,CO,80301,US,,,,,,,11/24/2008
20091088485,"Marcellina Dairy, LLC",19306 CR 41,,La Salle,CO,80645,US,,,,,,,Good Standing,,Limited Liability Company,DLLC,KERRY,,CHECKETTS,,,19306 CR41,,LASALLE,CO,80645,US,,,,,,,02/10/2009
20031198144,"AURORA DAIRY HOLDINGS, LLC",1919 14th Street,Suite 300,Boulder,CO,80302,US,,,,,,,Good Standing,,Limited Liability Company,DLLC,LEE,F.,SACHNOFF,,,1801 California Street,Suite 3000,DENVER,CO,80202,US,,,,,,,06/18/2003
20031198388,"COLORADO SPRINGS DAIRY INVESTORS, LLC, Dissolved October 9, 2003",3801 N SINTON RD,,Colorado Springs,CO,80907,US,,,,,,,Voluntarily Dissolved,,Limited Liability Company,DLLC,LARRY,,LOSASSO,,,3801 N SINTON RD,,COLORADO SPRINGS,CO,80907,US,,,,,,,06/18/2003
20091120506,Colorado Dairy Women,4249 CR 32,,Longmont,CO,80504,US,4249 CR 32,,Longmont,CO,80504,US,Good Standing,,Nonprofit Corporation,DNC,,,,,Colorado Dairy Women,4249 CR 32,,Longmont,CO,80504,US,4249 County Road 32,,Longmont,CO,80504,US,02/27/2009
19931000246,"CREAM O'WEBER DAIRY, LLC, Colorado Authority Relinquished June 27, 2016",4282 West 1730 South,,Salt Lake City,UT,84104,US,Legal Department,PO Box 34377,Seattle,WA,98124,US,Withdrawn,,Foreign Limited Liability Company,FLLC,,,,,The Corporation Company,7700 E Arapahoe Rd Ste 220,,Centennial,CO,80112-1268,US,,,,,,,01/04/1993
20101090316,"High Plains Dairy, LLC",1919 14th Street,Suite 300,Boulder,CO,80302,US,,,,,,,Good Standing,,Limited Liability Company,DLLC,Lee,F.,Sachnoff,,,1801 California Street,Suite 3000,Denver,CO,80202,US,,,,,,,02/12/2010
20101090362,"Pepper Dairy, LLC",1919 14th Street,Suite 300,Boulder,CO,80302,US,,,,,,,Good Standing,,Limited Liability Company,DLLC,Lee,F.,Sachnoff,,,1801 California Street,Suite 3000,Denver,CO,80202,US,,,,,,,02/12/2010
20101175311,"Aurora Organic Dairy Holdings, LLC","1919 14th Street, Suite 300",,Boulder,CO,80302,US,,,,,,,Good Standing,,Foreign Limited Liability Company,FLLC,Lee,F.,Sachnoff,,,1801 California Street,Suite 3000,Denver,CO,80202,US,,,,,,,03/24/2010
20101334815,Moon Hill Dairy LLC,PO Box 771262,,Steamboat Springs,CO,80477,US,,,,,,,Delinquent,,Limited Liability Company,DLLC,John,L,Weibel,,,PO Box 771262,,Steamboat Springs,CO,80477,US,,,,,,,06/11/2010
20101366292,"Lazy V 7 Dairy, LLC",20500 WCR 24,,Hudson,CO,80642,US,PO Box 659,,Hudson,CO,80642,US,Good Standing,,Limited Liability Company,DLLC,George,T,Cook,,,20500 WCR 24,,Hudson,CO,80642,US,PO Box 375,20500 WCR 24,Hudson,CO,80642,US,06/29/2010
20021085752,"DAIRY MANAGEMENT, INC., Delinquent June 1, 2005",6875 N CR 9,,Loveland,CO,80538,US,,,,,,,Delinquent,,Corporation,DPC,MICHAEL,B.,DICKINSON,,,6875 N CR 9,,LOVELAND,CO,80538,US,,,,,,,04/04/2002
20101520784,J & M DAIRY LLC,3055 County Road 129,,Hesperus,CO,81326,US,,,,,,,Good Standing,,Limited Liability Company,DLLC,James,L,Graham,,,3055 County Road 129,,Hesperus,CO,81326,US,,,,,,,09/20/2010
20101544093,"CFH Dairy Real Estate-Florida II, LLC",2595 Canyon Blvd. #420,,Boulder,CO,80302,US,,,,,,,Good Standing,,Limited Liability Company,DLLC,,,,,"CFH Management, LLC",2595 Canyon Blvd. #420,,Boulder,CO,80302,US,2595 Canyon Blvd.,Suite 420,Boulder,CO,80302,US,10/01/2010
19981139694,Cleland Dairy Farms Limited Liability Company,2474 W CTY RD 7,,Erie,CO,80516,US,,,,,,,Good Standing,,Limited Liability Company,DLLC,GARY,LEE,CLELAND,,,2474 W CTY RD 7,,ERIE,CO,80516,US,Weld,,Erie,CO,80516-8399,US,07/31/1998
19871653154,"FRESNO DAIRY QUEEN, LIMITED",,,,,,,,,,,,,Exists,,Limited Partnership,DLP,MICHAEL,T.,HENSICK,,,"KISSINGER & LANSING, P.C. 50 S. STEELE ST., STE. 3",,DENVER,CO,80209,US,,,,,,,01/10/1986
19921125592,"LA LUNA DAIRY, INC.",9003 N CTY RD 9,,Wellington,CO,80549,US,9003 N CTY RD 9,,Wellington,CO,80549-1527,US,Good Standing,,Corporation,DPC,Susan,L,Moore,,,9003 N CTY RD 9,,WELLINGTON,CO,80549-1527,US,9003 North County Road 9,,Wellington,CO,80549,US,12/31/1992
19971008885,"MAMM-KEY ALPINE DAIRY GOATS, LLC",7195 COUNTY RD 315,,Silt,CO,81652,US,P.O. BOX 1150,,Glenwood Springs,CO,81602,US,Good Standing,,Limited Liability Company,DLLC,TINA,,ANTES,,,7195 COUNTY RD 315,,SILT,CO,81652,US,,,,,,,01/21/1997
20091535248,"Mile High Dairy & Ingredients, Inc., Dissolved April 12, 2012",1160 Ivy Street,,Denver,CO,80220,US,,,,,,,Voluntarily Dissolved,,Corporation,DPC,,,,,"Folkestad Fazekas Barrick & Patoile, P.C.",Attn: Ernest F. Fazekas II,"18 South Wilcox Street, Suite 200",Castle Rock,CO,80104,US,,,,,,,11/23/2009
19871504446,"HIGH PLAINS DAIRY GOAT ASSOCIATION, Dissolved November 1, 1999",9787 S DEER CREEK CANYON RD,,Littleton,CO,80127,US,,,,,,,Administratively Dissolved,,Nonprofit Corporation,DNC,,,,,,,,,,,,,,,,,,01/10/1983
20001249200,"DAIRY CLEAN, LLC, Dissolved May 1, 2003",3999 SO VALLEY DR,,Longmont,CO,80504,US,,,,,,,Administratively Dissolved,,Limited Liability Company,DLLC,M.,DENIS,BRUNK,,,3999 SO VALLEY DR,,LONGMONT,CO,80504,US,,,,,,,12/20/2000
19891114700,The Dairy Center for the Arts,2590 Walnut St,Box 1,Boulder,CO,80302,US,2590 Walnut St,Box 1,Boulder,CO,80302,US,Good Standing,,Nonprofit Corporation,DNC,,,,,The Dairy Arts Center,2590 Walnut St,Box 1,Boulder,CO,80302,US,2590 Walnut St,Box 1,Boulder,CO,80302,US,12/28/1989
19941036529,"FAULKNER DAIRY II, LLC",300 E 16TH ST STE 301,,Greeley,CO,80631,US,300 E. 16TH ST #301,,Greeley,CO,80631,US,Good Standing,,Limited Liability Company,DLLC,MICHAEL,R.,FAULKNER,,,300 E 16TH ST #301,,GREELEY,CO,80631,US,300 E. 16TH ST #301,,GREELEY,CO,80631,US,03/29/1994
20111516132,Hunter Ridge Dairy LLP,23494 Hwy 14,,Ault,CO,80610,US,39301 COUNTY ROAD 49,,Eaton,CO,80615-9414,US,Good Standing,,Limited Liability Partnership,DLLP,,,,,"Hunter Ridge Dairy, LLP",39301 COUNTY ROAD 49,,EATON,CO,80615,US,39301 COUNTY ROAD 49,,EATON,CO,80615,US,09/12/2011
20111524712,"Lyons Dairy Bar, LLC",138 Main Street,,Lyons,CO,80540,US,PO Box 153,,Lyons,CO,80540,US,Good Standing,,Limited Liability Company,DLLC,Juli,,Waugh,,,639 3rd Ave.,,Lyons,CO,80540,US,PO Box 153,,Lyons,CO,80540,US,09/17/2011
20121127728,"Koru Dairy, LLC, Colorado Authority Relinquished May 28, 2015",4001 Lexington Ave. N.,,Arden Hills,MN,55126,US,PO Box 64101,MS 2500,St. Paul,MN,55164,US,Withdrawn,,Foreign Limited Liability Company,FLLC,,,,,,,,,,,,,,,,,,02/28/2012
20031276930,Aurora Organic Dairy Corp.,1919 14th Street,Suite 300,Boulder,CO,80302,US,,,,,,,Good Standing,,Foreign Corporation,FPC,LEE,F.,SACHNOFF,,,1801 California Street,Suite 3000,DENVER,CO,80202,US,,,,,,,08/28/2003
19871320064,CORSENTINO DAIRY FARMS INC.,2689 HWY 10 EAST,,Walsenburg,CO,81089,US,,,,,,,Good Standing,,Corporation,DPC,Brett,J,CORSENTINO,,,2689 HWY 10 EAST,,WALSENBURG,CO,81089,US,,,,,,,03/21/1977
19931021465,"AMERICAN DAIRY EXPORTS, INC., Dissolved June 2, 2010",12735 WCR 34,,Platteville,CO,80651,US,12735 WCR 34,,Platteville,CO,80651,US,Voluntarily Dissolved,,Corporation,DPC,,,,,"American Dairy Exports, Inc",12735 WCR 34,,PLATTEVILLE,CO,80651,US,,,,,,,03/01/1993
20011246371,"DAIRY-RIGHT MANAGEMENT SYSTEMS, LLC, Dissolved June 1, 2003",2208 MOUNTAIR LN,,Greeley,CO,80634,US,,,,,,,Administratively Dissolved,,Limited Liability Company,DLLC,JAMES,EDWIN,KING,,,2208 MOUNTAIR LN,,GREELEY,CO,80634,US,,,,,,,01/01/2002
20111630979,"American Dairyco-Hedging, LLC",2595 Canyon Blvd,Suite 420,Boulder,CO,80302,US,90 Fort Wade Road,Suite 175,Ponte Vedra,FL,32081,US,Good Standing,,Limited Liability Company,DLLC,,,,,"CFH Management, LLC",2595 Canyon Blvd,Suite 420,Boulder,CO,80302,US,,,,,,,11/14/2011
20001028370,"ROBINSON DAIRY, LLC, Colorado Authority Relinquished December 31, 2009",2515 MCKINNEY AVE,STE 1200,Dallas,TX,75201,US,"2515 McKinney Avenue, Suite 1200",,Dallas,TX,75201,US,Withdrawn,,Foreign Limited Liability Company,FLLC,,,,,The Corporation Company,7700 E Arapahoe Rd Ste 220,,Centennial,CO,80112-1268,US,,,,,,,02/09/2000
19941040292,"PEARSON DAIRY, INC., Dissolved March 5, 2009",21467 COUNTY ROAD 23,,Fort Morgan,CO,80701,US,21467 COUNTY RD 23,,Fort Morgan,CO,80701,US,Voluntarily Dissolved,,Corporation,DPC,THEODORE,,PEARSON,,,21467 COUNTY ROAD 23,,FORT MORGAN,CO,80701,US,,,,,,,04/05/1994
19971208738,"EMPIRE DAIRY KING, INC.",181 East Park Ave,,Empire,CO,80438,US,P.O.  Box 412,,Empire,CO,80438,US,Good Standing,,Corporation,DPC,SANDRA,JEAN,CUCINELLA,,,21 E MT AVE,,EMPIRE,CO,80438,US,BOX 412,,EMPIRE,CO,80438,US,12/24/1997
19971132832,"M & J DAIRY, LLC",3400 E. HWY 60,,Loveland,CO,80537,US,,,,,,,Good Standing,,Limited Liability Company,DLLC,JOANN,,FLASCHENRIEM,,,3400 E. HWY 60,,LOVELAND,CO,80537,US,3400 E Hwy. 60,,Loveland,CO,80537,US,08/20/1997
19901016056,"MCINTOSH DAIRY, INC.",11910 RIVERDALE RD,,Brighton,CO,80602,US,,,,,,,Good Standing,,Corporation,DPC,KENNETH,,MCINTOSH,,,11910 RIVERDALE RD,,BRIGHTON,CO,80602,US,,,,,,,03/13/1990
19981085887,WHEAT RIDGE DAIRY CAFE L.L.C.,7552 Red Fox Drive,,Evergreen,CO,80439,US,P.O. Box 518,,Evergreen,CO,80437-0518,US,Good Standing,,Limited Liability Company,DLLC,Armond,A,Azharian,,,7552 Red Fox Drive,,Evergreen,CO,80439,US,PO Box 518,,Evergreen,CO,80437-0518,US,05/08/1998
20031084437,"COZY COW DAIRY, LLC",1049 Pine Knoll Dr,,Estes Park,CO,80517,US,,,,,,,Good Standing,,Limited Liability Company,DLLC,LESTER,,HARDESTY,,,1049 Pine Knoll Dr,,Estes Park,CO,80517,US,,,,,,,03/13/2003
19981061878,"LONGS PEAK DAIRY, LLC",45490 CR 39,,Pierce,CO,80650,US,,,,,,,Good Standing,,Limited Liability Company,DLLC,,,,,Longs Peak Dairy LLC,45490 County Road 39,,PIERCE,CO,80650,US,,,,,,,04/02/1998
20121059318,Prospect Valley Dairy LLC,15857 Bear Mountain Blvd,,Bakersfield,CA,93311,US,,,,,,,Good Standing,,Limited Liability Company,DLLC,,,,,The Corporation Company,7700 E Arapahoe Rd Ste 220,,Centennial,CO,80112-1268,US,,,,,,,01/26/2012
19871345224,"DAIRY DELITE ENTERPRISES, INCORPORATED",3080 W. EISENHOWER BLVD.,,Loveland,CO,80537,US,,,,,,,Good Standing,,Corporation,DPC,MICHAEL,R.,EMBKE,,,3080 W. EISENHOWER BLVD.,,LOVELAND,CO,80537,US,,,,,,,04/12/1978
19871659042,"VANDER WAL DAIRY SALES & SERVICE, INC.",26500 CR 388,,Kersey,CO,80644,US,,,,,,,Good Standing,,Corporation,DPC,GERHARDT,,Vander Wal,,,26500 WCR 388,,Kersey,CO,80644,US,,,,,,,02/24/1986
20121082185,"Mongolian Dairy LLC, Delinquent July 1, 2013",3050 S Roslyn St,,Denver,CO,80231,US,,,,,,,Delinquent,,Limited Liability Company,DLLC,Alimaa,,Avarzad,,,3050 S Roslyn St,,Denver,CO,80231,US,,,,,,,02/06/2012
20001249901,"DAIRY FINANCING MANAGEMENT, LLC, Colorado Authority Terminated June 1, 2003",5840 W 1 20 STE 120,PO BOX 170669,Burlington,TX,76003-0669,US,,,,,,,Revoked,,Foreign Limited Liability Company,FLLC,,,,,,,,,,,,,,,,,,12/21/2000
20121099500,"Mountain Flower Dairy, LLC, Dissolved January 29, 2013",3340 Broadway,,Boulder,CO,80304,US,,,,,,,Voluntarily Dissolved,,Limited Liability Company,DLLC,Taber,Stark,Ward,,,3340 Broadway,,Boulder,CO,80304,US,,,,,,,02/16/2012
20121620008,"TDA Dairy Services, LLC, Dissolved January 20, 2014","711 O Street, Suite 202",,Greeley,CO,80631,US,P. O. Box 134,,Lucerne,CO,80646,US,Voluntarily Dissolved,,Limited Liability Company,DLLC,Kevin,R,Hatch,,,"711 O Street, Suite 202",,Greeley,CO,80631,US,P. O. Box 134,,Lucerne,CO,80646,US,11/07/2012
19961159250,"DEJONG DAIRY, INC., Dissolved October 1, 2003",,,,,,,,,,,,,Administratively Dissolved,,Corporation,DPC,,,,,,,,,,,,,,,,,,12/09/1996
20121218056,"Lorien Farms Dairy LLC, Delinquent September 1, 2013",38636 CR 5,,Elizabeth,CO,80107,US,,,,,,,Delinquent,,Limited Liability Company,DLLC,,,,,"United States Corporation Agents, Inc.",121 S. Tejon Street,Suite 900,Colorado Springs,CO,80903,US,,,,,,,04/17/2012
20011120768,"KARL'S DAIRY COUNTRY STORE, LLLP",13065 Gun Club Road,,Commerce City,CO,80022,US,,,,,,,Good Standing,,Limited Liability Limited Partnership,DLLLP,KAREN,A,SWAITHES,,,1741 E 120TH AVE,,NORTHGLENN,CO,80241,US,13065 Gun Club Road,,Commerce City,CO,80022,US,06/15/2001
20031290535,"COLORADO DAIRY SERVICE, LLC",2525 Frances Drive,,Loveland,CO,80537,US,129 South Madison Ave Suite 2,,Loveland,CO,80537,US,Good Standing,,Limited Liability Company,DLLC,JOEL,Matthew,LEDERMANN,,,129 South Madison Ave Suite 2,,Loveland,CO,80537,US,2525 Frances Drive,,Loveland,CO,80537,US,09/09/2003
20121571210,"Eagle View Dairy, LLC",9602 County Rd 20,,Fort Lupton,CO,80621,US,,,,,,,Good Standing,,Limited Liability Company,DLLC,David,,De Haan,,,9602 County Rd 20,,Fort Lupton,CO,80621,US,,,,,,,01/01/2013
19871383703,"GRANBY DAIRY, INC., Dissolved June 22, 2009",106 EAST JASPER AVENUE,,Granby,CO,80446,US,PO BOX 103,,Granby,CO,80446,US,Voluntarily Dissolved,,Corporation,DPC,PAUL,R.,STUART,,,106 EAST JASPER AVENUE,,GRANBY,CO,80446,US,BOX 103,,GRANBY,CO,80446,US,10/12/1979
19901059306,"SHINING HEART DAIRY, INC., Delinquent November 1, 2007",16291 CTY RD 19,,Fort Morgan,CO,80701,US,,,,,,,Delinquent,,Corporation,DPC,C.,DAVID,PARRISH,,,16291 COUNTY ROAD 19,,FORT MORGAN,CO,80701,US,,,,,,,05/24/1990
20131278226,Colorado Dairy Youth Foundation,27503 cr 55,,Kersey,CO,80644,US,,,,,,,Good Standing,,Nonprofit Corporation,DNC,debra,,carpio,,,27503 cr 55,,kersey,CO,80644,US,,,,,,,05/04/2013
20121704181,"Twin Cottonwood Dairy, LLC",25002 County Road 8,Box 613,Weldona,CO,80653,US,,,,,,,Good Standing,,Limited Liability Company,DLLC,Beverly,E.,Carmin,,,12801 County Road X.5,Box 613,Weldona,CO,80653,US,626 East Platte Avenue,,Fort Morgan,CO,80701,US,12/24/2012
20131007169,"DAIRYLEA COOPERATIVE INC., Colorado Authority Relinquished June 17, 2014",5001 Brittonfield Parkway,,East Syracuse,NY,13057,US,,,,,,,Withdrawn,,Foreign Cooperative,FCOOP,,,,,,,,,,,,,,,,,,01/03/2013
20131007996,Alpine Dairy Goat Breeders Association,7195 CO RD 315,7195 CO RD 315,Silt,CO,81652,US,7195 CO RD 315,7195 CO RD 315,Silt,CO,81652,US,Good Standing,,Nonprofit Corporation,DNC,TINA,,ANTES,,,7195 CO RD 315,7195 CO RD 315,SILT,CO,81652,US,7195 CO RD 315,7195 CO RD 315,SILT,CO,81652,US,01/03/2013
20041119677,"DINKY DAIRY & GRILL, LLC, Delinquent October 1, 2011",790 Cumberland Dr.,,Jefferson,CO,80456,US,P O Box 212,,Jefferson,CO,80456,US,Delinquent,,Limited Liability Company,DLLC,KARLA,,JOHNS,,,790 Cumberland Dr.,,Jefferson,CO,80456,US,PO BOX 212,,JEFFERSON,CO,80456,US,04/01/2004
20041341517,"Southeast Dairy Company, LLC, Dissolved October 17, 2011",2595 Canyon Blvd.,#420,Boulder,CO,80302,US,2595 Canyon Blvd. #420,,Boulder,CO,80302,US,Voluntarily Dissolved,,Limited Liability Company,DLLC,,,,,"CFH Management, LLC",2595 Canyon Blvd.,#420,Denver,CO,80302,US,,,,,,,09/30/2004
19931073365,"PESCHELS DAIRY, INC., Delinquent July 1, 2016",20474 WCR 39,,La Salle,CO,80645,US,20474 WCR 39,,La Salle,CO,80645,US,Delinquent,,Corporation,DPC,Kurt,L,Peschel,,,20474 WCR 39,,LA SALLE,CO,80645,US,,,,,,,07/16/1993
19971013486,"GUNNISON DAIRY QUEEN, L.L.C., Dissolved January 1, 2003",,,,,,,,,,,,,Administratively Dissolved,,Limited Liability Company,DLLC,PAUL,N.,ALISON,,,1198 N MAIN,,GUNNISON,CO,81230,US,,,,,,,01/29/1997
20061137144,"DREIM DAIRY LLC, Delinquent April 1, 2011",10954 COUNTY RD 149,,Matheson,CO,80830-9413,US,,,,,,,Delinquent,,Limited Liability Company,DLLC,STEPHEN,L,PEISTER,,,c/o ACCTNG & FINANCIAL SVCS INC,11031 S PIKES PEAK DR #101,PARKER,CO,80138,US,,,,,,,03/31/2006
20041428953,"Yuma County Dairy, LLC",8798 County Road 39,,Yuma,CO,80759,US,,,,,,,Good Standing,,Limited Liability Company,DLLC,Tracy,,Lungwitz,,,8798 County Road 39,,Yuma,CO,80759,US,,,,,,,12/13/2004
20051286314,"Dairy Kreme, Inc., Delinquent September 1, 2006",112 6th ST.,,Glenwood Springs,CO,81601,US,,,,,,,Delinquent,,Corporation,DPC,Kevin,,Kipp,,,112 6th ST.,,Glenwood Springs,CO,81601,US,,,,,,,07/27/2005
19921085881,LONGMONT DAIRY FARM INC.,P.O. BOX 998,,Longmont,CO,80502,US,,,,,,,Good Standing,,Corporation,DPC,Steven,M.,Bush,,,4 West Dry Creek Circle,Suite 100,Littleton,CO,80120,US,,,,,,,09/01/1992
19931064224,DYECREST DAIRY LIMITED LIABILITY COMPANY,1137 N COUNTY RD 1,,Fort Collins,CO,80524,US,,,,,,,Good Standing,,Limited Liability Company,DLLC,TERENCE,W.,DYE,,,1137 N COUNTY RD 1,,FT COLLINS,CO,80524,US,,,,,,,06/21/1993
19931075098,"A DIVINE DAIRY AND GRILL, INC., Dissolved June 30, 1999",720 ARAPAHOE ST,,Golden,CO,80401,US,,,,,,,Voluntarily Dissolved,,Corporation,DPC,DIANA,L.,COVARELLI-DORE,,,8983 W WARREN DR,,LAKEWOOD,CO,80227,US,,,,,,,07/22/1993
19871712067,"AFFILIATED DAIRY DISTRIBUTERS, L.P., Dissolved June 29, 2017",1301 Omaha Ave,PO Box 1067,Norfolk,NE,68702,US,,,,,,,Voluntarily Dissolved,,Limited Partnership,DLP,,,,,The Corporation Company,7700 E Arapahoe Rd Ste 220,,Centennial,CO,80112-1268,US,,,,,,,02/23/1987
19891098304,"RAINBOW PARK DAIRY, INC.",1500 PARK AVE,,Canyon City,CO,81212,US,,,,,,,Good Standing,,Corporation,DPC,JoElyn,J,McConnell,,,1500 PARK AVE,,CANON CITY,CO,81212,US,,,,,,,10/03/1989
19991157909,"BIJOU HILL DAIRY, INC.",2020 BRADBURY KREBS RD,,Byers,CO,80103,US,,,,,,,Good Standing,,Corporation,DPC,,,,,Patricia Jo Stone P.C.,19751 E. Mainstreet,Suite 200,Parker,CO,80138,US,,,,,,,08/23/1999
20131462026,"Granada Dairy, LLC",29792 CR 22.5,,Granada,CO,81041,US,734 SE CR 36,,Syracuse,KS,67878,US,Good Standing,,Limited Liability Company,DLLC,,,,,"National Registered Agents, Inc",7700 E Arapahoe Rd Ste 220,,Centennial,CO,80112-1268,US,,,,,,,08/09/2013
20051381773,"Kinikin Corner Dairy LLC, Dissolved February 10, 2015",71502 R71 Road,,Montrose,CO,81401,US,71502 R 71 Rd,,Montrose,CO,81401,US,Voluntarily Dissolved,,Limited Liability Company,DLLC,Richard,Scott,Freeman,,,71502 R71 Road,,Montrose,CO,81401,US,,,,,,,10/13/2005
19911062958,"D.L. DAIRY & ASSOCIATES, INC., Dissolved June 1, 2002",,,,,,,,,,,,,Administratively Dissolved,,Corporation,DPC,,,,,,,,,,,,,,,,,,08/12/1991
19931071546,"DAIRY QUEEN NO. 10, Dissolved May 1, 2003",,,,,,,7795 W 106TH AVE,,Broomfield,CO,80021,US,Administratively Dissolved,,Corporation,DPC,,,,,,,,,,,,,,,,,,07/12/1993
19961044398,"HUSKER DAIRY, INC., Dissolved February 1, 2001",,,,,,,,,,,,,Administratively Dissolved,,Corporation,DPC,,,,,,,,,,,,,,,,,,04/01/1996
20041354507,"Dairy Production Systems, LLC, Delinquent March 1, 2013",23343 NW CR 236,,High Springs,FL,32643,US,,,,,,,Delinquent,,Limited Liability Company,DLLC,,,,,"REGISTERED AGENT SOLUTIONS, INC.",36 South 18th Avenue,Suite D,Brighton,CO,80601,US,,,,,,,10/12/2004
20051471211,"Morning Sun Dairy LLC, Delinquent July 1, 2011",26174 Weld County Road 42,,Kersey,CO,80644,US,,,,,,,Delinquent,,Limited Liability Company,DLLC,Amanda,,Hanscome,,,26174 Weld County Road 42,,Kersey,CO,80644,US,,,,,,,01/01/2006
20131295205,"Rocky Mountain Dairy Specialists, LLC, Dissolved February 7, 2014",6317 W Perez Ave,,Visalia,CA,93291,US,,,,,,,Voluntarily Dissolved,,Limited Liability Company,DLLC,David,Martin,House,,,2650 Milton Lane,,Fort Collins,CO,80524,US,,,,,,,05/17/2013
20071010116,"SUIZA DAIRY GROUP, LLC",2711 N. Haskell Ave.,Suite 3400,Dallas,TX,75204,US,,,,,,,Good Standing,,Foreign Limited Liability Company,FLLC,,,,,The Corporation Company,7700 E Arapahoe Rd Ste 220,,Centennial,CO,80112-1268,US,,,,,,,01/08/2007
19991110712,"BURNETT DAIRY, INC., Delinquent November 1, 2014",4616 HWY 348,,Olathe,CO,81425,US,,,,,,,Delinquent,,Corporation,DPC,GERALD,D.,BURNETT,,,4616 HWY 348,,OLATHE,CO,81425,US,,,,,,,06/10/1999
20061433030,"Coldwater Dairy, LLC",1919 14th Street,Suite 300,Boulder,CO,80302,US,,,,,,,Good Standing,,Limited Liability Company,DLLC,Lee,F.,Sachnoff,,,1801 California Street,Suite 3000,Denver,CO,80202,US,,,,,,,10/23/2006
20131710559,"Sunrise Dairy, LLC",70755 E County Rd 18,,Byers,CO,80103,US,,,,,,,Good Standing,,Limited Liability Company,DLLC,Shalana,S,McCann,,,1475 S Schumaker Road,,Bennett,CO,80102,US,7535 E Hampden Ave #108,,Denver,CO,80231,US,01/01/2014
20061064030,"Van Maanen Dairy, Inc., Delinquent July 1, 2014",37746 WCR 65,,Galeton,CO,80622,US,,,,,,,Delinquent,,Corporation,DPC,Edwin,Lee,Van Maanen,,,37746 WCR 65,,Galeton,CO,80622,US,,,,,,,02/11/2006
19991014419,"MERIDIAN DAIRY, INC., Dissolved November 1, 2001",,,,,,,,,,,,,Administratively Dissolved,,Corporation,DPC,,,,,,,,,,,,,,,,,,01/26/1999
20061019752,"El Grande Dairy Products, Inc., Delinquent July 1, 2007",1650 Tower Road,,Aurora,CO,80011,US,,,,,,,Delinquent,,Corporation,DPC,Aldo,,Castillo,,,3637 Larson Avenue,,Evans,CO,80620,US,,,,,,,01/12/2006
19961035033,"DAISY LANE DAIRY, INC.",44500 County Rd. 13,,Cope,CO,80812,US,,,,,,,Good Standing,,Corporation,DPC,Dennis,Wilbert,Koolstra,,,44500 County Rd. 13,,Cope,CO,80812,US,,,,,,,03/13/1996
20071539667,"Heritage Dairy, LLC",5101 CR 32,,Yuma,CO,80759,US,P.O. Box 146,,Yuma,CO,80759,US,Good Standing,,Limited Liability Company,DLLC,Erick,,Farmer,,,5098 Old Post Road,,Yuma,CO,80759,US,P.O. Box 146,,Yuma,CO,80759,US,11/28/2007
19971209477,"DOUBLE R DAIRY, INC., Dissolved October 1, 2002",,,,,,,,,,,,,Administratively Dissolved,,Corporation,DPC,,,,,,,,,,,,,,,,,,12/29/1997
20001048711,"DAIRY TECH, INC.",34824 CR 29,,Greeley,CO,80631,US,,,,,,,Good Standing,,Corporation,DPC,RICHARD,H,DUMM,,,34824 CR 29,,Greeley,CO,80631,US,34824 Co Rd 29,,GREELEY,CO,80631,US,03/08/2000
20071346447,"Charisma Farms Dairy, LLC",6017 N Glade Road,,Loveland,CO,80538,US,,,,,,,Good Standing,,Limited Liability Company,DLLC,Sean,D.,Rutledge,,,4412 W. Eisenhower Blvd,,Loveland,CO,80537,US,3918 Crestone Drive,,Loveland,CO,80537,US,07/27/2007
20141206108,"Wren Haven Dairy, LLP, Withdrawn April 2, 2014",2573 Lanyon Drive,,Longmont,CO,80503,US,2573 Lanyon Dr,,Longmont,CO,80503,US,Withdrawn,,General Partnership,GP,Bernice,C,Gold,,,2573 Lanyon Drive,,Longmont,CO,80503,US,,,,,,,03/28/2014
20141280526,"Simply Natural Dairy LLC, Delinquent September 1, 2015",4617 West County Road 2,,Berthoud,CO,80513,US,4617 West County Road 2,,Berthoud,CO,80513,US,Delinquent,,Limited Liability Company,DLLC,Devony,Dawn,Bethel,,,343 Alder Avenue,,Johnstown,CO,80534,US,,,,,,,04/30/2014
20071034257,"Espress-OH at the Dairy LLC, Delinquent July 1, 2010",2590 Walnut St,,Boulder,CO,80302,US,1560 Greenbriar Blvd,,Boulder,CO,80305,US,Delinquent,,Limited Liability Company,DLLC,Susanna,,Block,,,1560 Greenbriar Ct,,Boulder,CO,80305,US,,,,,,,01/22/2007
20071045572,"De La Chiva Dairy, LLC",12150 Washington Center,Parkway 10202,Thornton,CO,80241,US,12150 Washington Center,Parkway 10202,Thornton,CO,80241,US,Good Standing,,Limited Liability Company,DLLC,Kathryn,Ann,Doty,,,12150 Washington Center,Parkway 10202,Thornton,CO,80241,US,12150 Washington Center,Parkway 10202,Thornton,CO,80241,US,01/26/2007
20071091391,"LAZ EWE 2 BAR GOAT DAIRY, LLC",10530 County Road 15,,Del Norte,CO,81132,US,,,,,,,Good Standing,,Limited Liability Company,DLLC,Jennifer,A.,Knoblauch,,,10530 County Road 15,,Del Norte,CO,81132,US,10530 Co Rd 15,,Del Norte,CO,81132,US,02/22/2007
20071498832,"Roberts Dairy Company, LLC, Colorado Authority Relinquished May 15, 2014",1133 East Kearney,,Springfield,MO,65803,US,,,,,,,Withdrawn,,Foreign Limited Liability Company,FLLC,,,,,,,,,,,,,,,,,,10/30/2007
20041358258,"Great Western Dairy, LLC",39390 CR 39,,Ault,CO,80610,US,,,,,,,Good Standing,,Limited Liability Company,DLLC,Larry,D,DeHaan,,,39390 CR 39,,Ault,CO,80610,US,,,,,,,10/13/2004
20071575528,"Aurora Organic Dairy Foundation, Dissolved February 29, 2012",1401 Walnut Street,Suite 500,Boulder,CO,80302,US,1401 Walnut Street,Suite 500,Boulder,CO,80302,US,Voluntarily Dissolved,,Nonprofit Corporation,DNC,Lee,F.,Sachnoff,,,370 Seventeenth Street,Suite 5350,Denver,CO,80202,US,,,,,,,12/14/2007
20001065695,"HIGHLAND DAIRY LLC, Dissolved May 17, 2005",5651 WCR 42,,Johnstown,CO,80534,US,9100 WCR 8,,Fort Lupton,CO,80621,US,Voluntarily Dissolved,,Limited Liability Company,DLLC,GREG,B.,MARRS,,,9100 WCR 8,,FORT LUPTON,CO,80621,US,,,,,,,03/30/2000
20081150305,"Nightingale Dairy Consulting, LLC, Dissolved February 23, 2014",5745 Pineview Court,,Windsor,CO,80550,US,16003 CR 1820,,Lubbock,TX,79424,US,Voluntarily Dissolved,,Limited Liability Company,DLLC,Cameron,,Nightingale,,,5745 Pineview Court,,Windsor,CO,80550,US,,,,,,,03/19/2008
20081202061,"The Dairy, LLC, Delinquent October 1, 2009",930 ACOMA ST STE 110,,Denver,CO,80204,US,,,,,,,Delinquent,,Limited Liability Company,DLLC,Karen,J,Meyer,,,930 ACOMA ST STE 110,,DENVER,CO,80204,US,,,,,,,04/11/2008
20141353185,"CAMELOT CAMEL DAIRY, LLC",50643 COUNTY ROAD KK,,Wray,CO,80758,US,,,,,,,Good Standing,,Limited Liability Company,DLLC,KYLE,A,HENDRIX,,,50643 COUNTY ROAD KK,,WRAY,CO,80758,US,,,,,,,06/05/2014
20081594753,"Dairy Production Systems - Georgia LLC, Delinquent April 1, 2013",23343 NW CR 236,,High Springs,FL,32643,US,,,,,,,Delinquent,,Limited Liability Company,DLLC,,,,,"REGISTERED AGENT SOLUTIONS, INC.",36 South 18th Avenue,Suite D,Brighton,CO,80601,US,,,,,,,11/11/2008
20141598272,"Cresset Farm Dairy LLC, Delinquent February 1, 2016",5609 E CR 52,,Fort Collins,CO,80524,US,,,,,,,Delinquent,,Limited Liability Company,DLLC,Daphne,Sue,Kingsley,,,5609 E CR 52,,fort Collins,CO,80524,US,,,,,,,09/29/2014
20081661199,"Avalanche Farm and Dairy, LLC",1280 Ute Avenue,Unit 7,Aspen,CO,81611,US,,,,,,,Good Standing,,Limited Liability Company,DLLC,Wendy,J.,Mitchell,,,1280 Ute Avenue,Unit 7,Aspen,CO,81611,US,,,,,,,12/23/2008
20081666316,"Cody's Dairy, LLC, Dissolved April 7, 2015",757 Cielo Azul  A3,,Alamosa,CO,81101,US,757 Cielo Azul  A3,,Alamosa,CO,81101,US,Voluntarily Dissolved,,Limited Liability Company,DLLC,Pat,,Cody,,,3588 E. CR 3 South,,Monte Vista,CO,81144,US,,,,,,,01/01/2009
20081489233,"Jumpin' Good Goat Dairy, LLC",31700 US Highway 24N,,Buena Vista,CO,81211,US,31700 US Hwy 24 N,,Buena Vista,CO,81211,US,Good Standing,,Limited Liability Company,DLLC,Dawn,,Jump,,,31700 US Highway 24N,,Buena Vista,CO,81211,US,31700 US HIGHWAY 24  N,,BUENA VISTA,CO,81211-9605,US,09/12/2008
20081597107,"Western Dairy Transport, L.L.C.",910 Shelton Drive,,Cabool,MO,65689,US,PO Box 590,,Cabool,MO,65689-0590,US,Good Standing,,Foreign Limited Liability Company,FLLC,,,,,The Corporation Company,7700 E Arapahoe Rd Ste 220,,Centennial,CO,80112-1268,US,,,,,,,11/12/2008
20151095187,"HI-PLAINS DAIRY, INC.",4655 CALHAN HWY,,Calhan,CO,80808,US,,,,,,,Delinquent,,Corporation,DPC,JAMES,L,SMITH,,,4655 CALHAN HWY,,CALHAN,CO,80808,US,,,,,,,02/09/2015
20151540792,Legacy Family Dairy LLC,1469 E Noe Rd,,Larkspur,CO,80118,US,,,,,,,Good Standing,,Limited Liability Company,DLLC,Dwight,Ian,Steyn,,,1469 E Noe Rd,,Larkspur,CO,80118,US,,,,,,,08/24/2015
20091583972,"River Edge Dairy and Farm, LLC",6588 Highway 140,,Hesperus,CO,81326,US,,,,,,,Good Standing,,Limited Liability Company,DLLC,Ronald,LeRoy,Gillen,,,6588 Highway 140,,Hesperus,CO,81326,US,6741 Hwy 140,,Hesperus,CO,81326,US,11/04/2009
20151606532,"HX BUTTERFIELD DAIRY, LLC",50643 COUNTY ROAD KK,,Wray,CO,80758,US,,,,,,,Good Standing,,Limited Liability Company,DLLC,KYLE,A,HENDRIX,,,50643 COUNTY ROAD KK,,WRAY,CO,80758,US,,,,,,,09/23/2015
20021297252,"DAIRY INGREDIENTS, INC., Delinquent October 1, 2009",1536 WILLOW ST,,Canyon City,CO,81212,US,,,,,,,Delinquent,,Corporation,DPC,Richard,A,Nichols,,,1536 Willow,,Canon City,CO,81212,US,,,,,,,10/25/2002
20151257113,"Summit Dairy, LLC",27915 CR 388,,Kersey,CO,80644,US,39394 County Road 39,,Ault,CO,80610,US,Good Standing,,Limited Liability Company,DLLC,Jesse,Gerrit,Veenendaal,,,39394 COUNTY ROAD 39,,AULT,CO,80610,US,PO Box 574,,Kersey,CO,80644-0574,US,04/16/2015
20151360887,Marrs Milky Way Dairy LLC,39713 County Road 43,,Ault,CO,80610,US,,,,,,,Good Standing,,Limited Liability Company,DLLC,Eldon,,Marrs,,,39713 County Road 43,,Ault,CO,80610,US,,,,,,,05/29/2015
20111006067,"Bella Daisy Dairy, Delinquent July 1, 2012",3393 Orchard Drive,,Laporte,CO,80535,US,223 Linden St.,Ste. 204,Fort Collins,CO,80524,US,Delinquent,,Limited Liability Company,DLLC,Mary,Leslie,Patterson,,,3393 Orchard Drive,,LaPorte,CO,80535,US,223 Linden St.,Ste. 204,Fort Collins,CO,80524,US,01/04/2011
20161180169,"Troia Dairy Distributing, Inc. DBA Troia Foods, Colorado Authority Relinquished July 11, 2017",4124 Quitman Street,,Denver,CO,80212,US,3251 N. Lowell Blvd,#407,Denver,CO,80211,US,Withdrawn,,Foreign Corporation,FPC,,,,,,,,,,,,,,,,,,03/11/2016
20161180935,"Sand Hill Dairy, LLC",7250 County Road 26,,Longmont,CO,80504,US,,,,,,,Delinquent,,Limited Liability Company,DLLC,Richard,J.,Vogl,,,7250 County Road 26,,Longmont,CO,80504,US,,,,,,,03/14/2016
20051029946,"Lucky 7 Goat Dairy LLC, Withdrawn May 20, 2005",1636 Aspen Street,,Strasburg,CO,80136,US,P.O. Box 42,,Strasburg,CO,80136,US,Withdrawn,,General Partnership,GP,Henry,D,Nordloh,,,1636 Aspen Street,,Strasburg,CO,80136,US,P.O. Box 42,,Strasburg,CO,80136,US,01/19/2005
20111126963,NWI Dairy Group Health LLC,9451 N. State Road 10,,Demotte,IN,46310-8830,US,,,,,,,Good Standing,,Foreign Limited Liability Company,FLLC,Lee,,Parriera,,,7999 MCR Q,,Wiggins,CO,80654,US,,,,,,,03/01/2011
20161244131,"K & M Dairy, LLC",802 Finch Drive,,Severance,CO,80546,US,802 Finch Drive,,Severance,CO,80550,US,Delinquent,,Limited Liability Company,DLLC,James,,Mackenzie,,,802 Finch Drive,,Severance,CO,80546,US,802 Finch Drive,,Severance,CO,80550,US,04/04/2016
20151700123,"Old Dairy Barn, LLC",102 E. Pikes Peak,Suite #200,Colorado Springs,CO,80903,US,,,,,,,Delinquent,,Limited Liability Company,DLLC,Lindsay,J,Case,,,102 E. Pikes Peak,Suite #200,Colorado Springs,CO,80903,US,,,,,,,10/28/2015
20151728961,"DAIRY FARM, LLC",PO Box 1322,,Montrose,CO,81402,US,,,,,,,Good Standing,,Limited Liability Company,DLLC,,,,,"Hockersmith Law, PC",Alpine Bank Building,"917 Main Street, 2nd Floor",Ouray,CO,81427,US,PO Box 646,,Ouray,CO,81427-0646,US,11/12/2015
20101430376,Windkist Dairy LLC,2400 Fourmile Creek Rd.,,Hartsel,CO,80449,US,PO Box 250,,Hartsel,CO,80449,US,Good Standing,,Limited Liability Company,DLLC,Dennis,A.,Kist,,,2400 Fourmile Creek Rd.,,Hartsel,CO,80449,US,PO Box 250,,Hartsel,CO,80449,US,08/02/2010
20051006842,"Busker Dairy, LLC, Delinquent July 1, 2007",7678 WCR 17,,Fort Lupton,CO,80621,US,,,,,,,Delinquent,,Limited Liability Company,DLLC,George,H.,Ottenhoff,,,1011 11th Avenue,,Greeley,CO,80631,US,,,,,,,01/06/2005
20101544075,"CFH Dairy Real Estate-Florida I, LLC",2595 Canyon Blvd. #420,,Boulder,CO,80302,US,,,,,,,Good Standing,,Limited Liability Company,DLLC,,,,,"CFH Management, LLC",2595 Canyon Blvd. #420,,Boulder,CO,80302,US,2595 Canyon Blvd.,Suite 420,Boulder,CO,80302,US,10/01/2010
20091363714,PICO DAIRY LLC,2252 S. County Road 7,,Loveland,CO,80537,US,,,,,,,Good Standing,,Limited Liability Company,DLLC,John,J.,Van Hattem,,,2252 S. County Road 7,,Loveland,CO,80537,US,,,,,,,07/08/2009
20051191827,"Natural Choice Dairy, LLC, Dissolved February 26, 2013",7111 County Rd 50,,Johnstown,CO,80534,US,,,,,,,Voluntarily Dissolved,,Limited Liability Company,DLLC,Sharon,,Wilson,,,7111 County Rd 50,,Johnstown,CO,80534,US,,,,,,,05/10/2005
20161296924,Stout Dairy,301 Willow Av,,Eaton,CO,80615,US,301 Willow Ave,,Eaton,CO,80615,US,Good Standing,,Limited Liability Company,DLLC,Terry,Lee,Stout,,,301 Willow Av,,Eaton,CO,80615,US,301 Willow Ave,,Eaton,CO,80615,US,04/26/2016
20161461497,"WOLF CREEK DAIRY, LLC",10268 COUNTY ROAD 80,,Ault,CO,80516,US,P.O. BOX 99,,Severance,CO,80546,US,Good Standing,,Limited Liability Company,DLLC,,,,,"National Registered Agents, Inc",7700 E Arapahoe Rd Ste 220,,Centennial,CO,80112-1268,US,,,,,,,07/06/2016
20161529892,Native Horns Dairy,12290 Mesa View Rd,,Larkspur,CO,80118,US,,,,,,,Good Standing,,Limited Liability Company,DLLC,Amber,,DeVigil,,,12290 Mesa View Rd,,Larkspur,CO,80118,US,,,,,,,08/03/2016
20051241980,"Cockrofts Brad & Scott Dairy, LLC",27906 WCR 388,,Kersey,CO,80644,US,,,,,,,Good Standing,,Limited Liability Company,DLLC,Scott,R,Cockroft,,,27906 WCR 388,,Kersey,CO,80644,US,,,,,,,06/22/2005
20111309158,"DOS PICO'S DAIRY, LLC, Dissolved May 27, 2011",2252 S. COUNTY ROAD 7,,Loveland,CO,80537,US,2252 S. COUNTY ROAD 7,,Loveland,CO,80537,US,Voluntarily Dissolved,,Limited Liability Company,DLLC,JOHN,J.,VAN HATTEM,,,2252 S. COUNTY ROAD 7,,LOVELAND,CO,80537,US,,,,,,,05/27/2011
19871037252,DAIRYLAND INSURANCE COMPANY,1800 North Point Drive,,Stevens Point,WI,54481,US,,,,,,,Good Standing,,Foreign Corporation,FPC,,,,,The Corporation Company,"7700 East Arapahoe Road, Suite 220",,Centennial,CO,80112-1268,US,,,,,,,11/05/1965
20161597971,"Associated Dairy Distributors, L.P.",5000 Kansas Ave,,Kansas City,KS,66106,US,,,,,,,Good Standing,,Limited Partnership,DLP,,,,,The Corporation Company,7700 E Arapahoe Rd,Suite 220,Centennial,CO,80112,US,,,,,,,10/13/2016
20161603566,"Dromedairy Naturals, LLC",7200 S. Alton Way,Ste. A-340,Centennial,CO,80112,US,,,,,,,Good Standing,,Limited Liability Company,DLLC,Larry,D.,Harvey,,,"5290 DTC Parkway, Ste. 150",,Englewood,CO,80111,US,,,,,,,09/02/2016
20161684618,"DromeDairy Naturals, LLC., Dissolved January 13, 2017",7200 South Alton Way 80112,,Centennial,CO,80112,US,4221 PRESERVE PARKWAY S,,Greenwood Village,CO,80121,US,Voluntarily Dissolved,,Limited Liability Company,DLLC,MICHAEL,ANTHONY,CASSIO,,,7200 South Alton Way 80112,,CENTENNIAL,CO,80112,US,4221 PRESERVE PARKWAY SOUTH,,GREENWOOD VILLAGE,CO,80121,US,10/09/2016
20051424759,"Boulder Dairy, LLC, Dissolved January 31, 2017",PO Box 1408,,Evergreen,CO,80437,US,,,,,,,Voluntarily Dissolved,,Limited Liability Company,DLLC,,,,,"Charles P. Martien, LLC",1818 16th Street,,Boulder,CO,80302,US,,,,,,,11/14/2005
20161864317,"Clark Dairy Nutrition, Inc.",425 York Trail,,Cotopaxi,CO,81223,US,,,,,,,Good Standing,,Foreign Corporation,FPC,Clancy,,Clark,,,425 York Trail,,Cotopaxi,CO,81223,US,,,,,,,01/01/2017
20171005448,Thompson River Dairy LLC,8604 East County Road 18,,Johnstown,CO,80534,US,8604 East County Road 18,,Johnstown,CO,80534,US,Good Standing,,Limited Liability Company,DLLC,,,,,Thompson River Dairy LLC,8604 East County Road 18,,Johnstown,CO,80534,US,,,,,,,01/03/2017
20061105248,"2006 Quail Ridge Dairy, LLC, Delinquent August 1, 2016",15960 Road 21,,Fort Morgan,CO,80701,US,,,,,,,Delinquent,,Limited Liability Company,DLLC,Mary,L.,Kraft,,,15960 Road 21,,Fort Morgan,CO,80701,US,,,,,,,03/10/2006
20071268771,"TV DAIRY, LLC",7678 County Road 17,,Fort Lupton,CO,80621,US,,,,,,,Good Standing,,Limited Liability Company,DLLC,,,,,"TV Dairy, LLC",7678 County Road 17,,Fort Lupton,CO,80621,US,,,,,,,06/06/2007
20121492115,Mountain Flower Urban Goat Dairy,3240 Broadway,,Boulder,CO,80304,US,3980 N. Broadway,Suite #103-131,Boulder,CO,80304,US,Good Standing,,Nonprofit Corporation,DNC,Taber,Stark,Ward,,,3980 N. Broadway,Suite #103-131,Boulder,CO,80304,US,3980 N. Broadway,Suite,Boulder,CO,80304,US,09/05/2012
20071294209,"Cockroft Dairy II LLC, Dissolved January 17, 2018",27906 WCR 388,,Kersey,CO,80644,US,27906 WCR 388,,Kersey,CO,80644,US,Voluntarily Dissolved,,Limited Liability Company,DLLC,Scott,R,Cockroft,,,27906 WCR 388,,Kersey,CO,80644,US,,,,,,,06/25/2007
20171181384,Golden Rule Dairy LLC,25705 County Road JJ,,Holly,CO,81047,US,,,,,,,Good Standing,,Limited Liability Company,DLLC,Regina,J,Dorenkamp,,,25705 County Road JJ,,Holly,CO,81047,US,,,,,,,03/03/2017
20171194782,La Isla Farm & Dairy Ltd.,13816 County Road M,,Antonito,CO,81120,US,PO Box 55,,Conejos,CO,81129,US,Good Standing,,Limited Liability Company,DLLC,Jerome,Andronico Jose,DeHerrera,,,3492 w 109th circle,,westminster,CO,80031,US,,,,,,,03/09/2017
20171236730,PROLIX DAIRY LCA,475 17th St,,Denver,CO,80202,US,,,,,,,Good Standing,,Limited Cooperative Association,DLCA,,,,,Incorp,3208C EAST COLONIAL DRIVE BOX 276,,ORLANDO fl,CO,32803,US,,,,,,,03/24/2017
20171273536,"Farm and Dairy Direct, Ltd., Dissolved July 21, 2017","15954 Jackson Creek Pkwy, Suite B",#531,Monument,CO,80132,US,,,,,,,Voluntarily Dissolved,,Limited Liability Company,DLLC,Todd,,Dughman,,,"15954 Jackson Creek Pkwy, Suite B",#531,Monument,CO,80132,US,,,,,,,04/05/2017
20061165969,"Shamrock Dairy Services, LLC, Delinquent October 1, 2007",233 S. Madison Ave,,Loveland,CO,80537,US,2152 Blue Wing Dr,,Johnstown,CO,80534,US,Delinquent,,Limited Liability Company,DLLC,James,J,Sullivan,Mr,,233 S. Madison Ave,,Loveland,CO,80537,US,2152 Blue Wing Dr,,Johnstown,CO,80534,US,04/19/2006
20121514179,"ROCKY MOUNTAIN DAIRY, LLC, Dissolved May 26, 2013",8604 EAST COUNTY ROAD 18,,Johnstown,CO,80634,US,,,,,,,Voluntarily Dissolved,,Limited Liability Company,DLLC,MARVIN,,TE VELDE,,,7678 WCR 17,,FORT LUPTON,CO,80621,US,,,,,,,09/20/2012
20091468783,"Hanscome Dairy, LLC",22382 Schultz Lane,,Berthoud,CO,80513,US,,,,,,,Good Standing,,Limited Liability Company,DLLC,Julie,,Hanscome,,,22382 Schultz Lane,,Berthoud,CO,80513,US,,,,,,,09/01/2009
20171441515,Sterling Acres Dairy Farm,606 Pampas Ct.,,Canyon City,CO,81212,US,,,,,,,Good Standing,,Limited Liability Company,DLLC,Leslie,Robbin,Schwiem,,,606 Pampas Ct.,,Canon City,CO,81212,US,,,,,,,06/12/2017
19871048891,"DFA DAIRY FINANCING SERVICES, INC, Colorado Authority Terminated February 15, 2001",5840 WEST 1-20 STE 120,,Burlington,TX,76006,US,,,,,,,Withdrawn,,Foreign Corporation,FPC,,,,,The Corporation Company,7700 E Arapahoe Rd Ste 220,,Centennial,CO,80112-1268,US,,,,,,,08/23/1971
20171530024,"Colorado Dairy Partners, LLC",7991 Shaffer Parkway Suite 200,,Littleton,CO,80127,US,,,,,,,Good Standing,,Limited Liability Company,DLLC,Karl,,Nyquist,,,7991 Shaffer Parkway Suite 200,,Littleton,CO,80127,US,,,,,,,07/12/2017
20171530430,Tres Leches Dairy LLC,10384 Airport Rd,,Longmont,CO,80503,US,10384 Airport Rd,,Longmont,CO,80503,US,Good Standing,,Limited Liability Company,DLLC,,,,,"SkyPilot Farm, LLC",10384 Airport Rd,,Longmont,CO,80503,US,10384 Airport Rd,,Longmont,CO,80503,US,07/12/2017
20131161925,FRONT RANGE JERSEY DAIRY LLC,28615 CR 17,,Windsor,CO,80550,US,,,,,,,Good Standing,,Limited Liability Company,DLLC,,,,,"Agtax, Inc",401 Mathews St,,Fort Collins,CO,80524,US,401 Mathews St,,Fort Collins,CO,80524,US,03/12/2013
20131215916,"Swets Dairy, LLC",3726 Osier Place,,Loveland,CO,80538,US,,,,,,,Good Standing,,Limited Liability Company,DLLC,Kenneth,W.,Swets,,,3726 Osier Place,,Loveland,CO,80538,US,,,,,,,04/03/2013
20171703107,"TNT Dairy, LLC",1421 West County Road 1 South,,Monte Vista,CO,81144,US,,,,,,,Good Standing,,Limited Liability Company,DLLC,Raymond,S,Torres,,,1421 West County Road 1 South,,Monte Vista,CO,8114,US,,,,,,,09/20/2017
20141181680,Mini Dairy Equipment LLC,8033 Sunset Blvd.,#460,Los Angeles,CA,90046,US,,,,,,,Good Standing,,Limited Liability Company,DLLC,Katerina,,Luniova,,,4075 West 11th Street,,Greeley,CO,80634,US,,,,,,,03/22/2014
20111309521,"DOS PICOS' DAIRY, LLC",2252 S. COUNTY ROAD 7,,Loveland,CO,80537,US,,,,,,,Good Standing,,Limited Liability Company,DLLC,JOHN,J.,VAN HATTEM,,,2252 S. COUNTY ROAD 7,,LOVELAND,CO,80537,US,,,,,,,05/27/2011
20011152100,"LOVELAND DAIRY LLC, Delinquent September 1, 2005",8604 E HIGHWAY 402,,Loveland,CO,80538,US,8604 E HIGHWAY 402,,Loveland,CO,80538,US,Delinquent,,Limited Liability Company,DLLC,MICHELLE,E,DICKINSON,,,6875 NCR 9,,LOVELAND,CO,80538,US,,,,,,,08/02/2001
20001021891,"SEIBER DAIRY, LLC",18374 county road 2,,Wiggins,CO,80654,US,,,,,,,Good Standing,,Limited Liability Company,DLLC,Robert,Ed,Seiber,,,18374 county road 2,,Wiggins,CO,80654,US,,,,,,,02/01/2000
20001172827,"C & J DAIRY KING, INC., Dissolved July 1, 2003",101 NO MARKET ST,,Keenesburg,CO,80643,US,,,,,,,Administratively Dissolved,,Corporation,DPC,,,,,,,,,,,,,,,,,,09/05/2000
20081599299,"Legend Development Group Adams Dairy, LLC, Delinquent May 1, 2012",5150 E. Yale Cir,#400,Denver,CO,80222,US,,,,,,,Delinquent,,Limited Liability Company,DLLC,,,,,"LDG, LLC",5150 E. Yale Cir,#400,Denver,CO,80222,US,,,,,,,11/13/2008
20001213040,"SEVEN BAR DAIRY, LLC, Delinquent December 1, 2011",2164 RIVER WEST DR,,Windsor,CO,80550,US,,,,,,,Delinquent,,Limited Liability Company,DLLC,BILLY,G.,SHUTTS,,,2164 RIVER WEST DR.,,WINDSOR,CO,80550,US,2164 RIVER WEST DR,,WINDSOR,CO,80550,US,11/01/2000
20001228817,"CACUTS ACRES DAIRY, LLLP, Delinquent October 1, 2005",15884 CR 10,,Fort Morgan,CO,80701,US,,,,,,,Delinquent,,Limited Liability Limited Partnership,DLLLP,MARY,ANN,GOEDERT,,,15884 CR 10,,FORT MORGAN,CO,80701,US,,,,,,,11/27/2000
20141628123,"Bridgeview Dairy, LLC",23016 WCR 74,,Eaton,CO,80615,US,,,,,,,Good Standing,,Limited Liability Company,DLLC,,,,,"Suhre Law Firm, LLC",2015 Clubhouse Drive,Suite LL 03,Greeley,CO,80634,US,,,,,,,10/16/2014
20061061913,KLASEEN DAIRY LLC,12504  2900 RD,,Hotchkiss,CO,81419,US,,,,,,,Good Standing,,Limited Liability Company,DLLC,FREDRICK,J,KLASEEN,,,12504  2900 ROAD,,HOTCHKISS,CO,81419,US,,,,,,,02/10/2006
20061070923,"Monte Vista Dairy, LLC",30984 CR 61,,Gill,CO,80624,US,PO Box 220,,Gill,CO,80624,US,Good Standing,,Limited Liability Company,DLLC,,,,,"Monte Vista Dairy, LLC",30984 wcr 61.,P.O. Box 220,Gill,CO,80624,US,30984 WCR 61,P.O. Box 220,Gill,CO,80624,US,02/16/2006
20161800947,"Dairy Resources of the West, LLC",6362 Sea Gull Circle,,Loveland,CO,80538,US,,,,,,,Good Standing,,Limited Liability Company,DLLC,Keith,,Benner,,,6362 Sea Gull Circle,,Loveland,CO,80538,US,,,,,,,11/28/2016
20111631001,"American Dairyco Holdings, LLC",2595 Canyon Blvd,Suite 420,Boulder,CO,80302,US,,,,,,,Good Standing,,Limited Liability Company,DLLC,,,,,"CFH Management, LLC",2595 Canyon Blvd,Suite 420,Boulder,CO,80302,US,,,,,,,11/14/2011
19991241191,"DOCHEFF DAIRY, LLC",1441 Weld County Road 28,,Longmont,CO,80504,US,,,,,,,Good Standing,,Limited Liability Company,DLLC,Judy,J,Docheff,,,1441 Weld County Rd. 28,,Longmont,CO,80504,US,,,,,,,12/22/1999
20001203151,"DYELANDS DAIRY, LLC.",1137 N. COUNTY RD 1,,Fort Collins,CO,80524,US,,,,,,,Good Standing,,Limited Liability Company,DLLC,TERENCE,,DYE,,,1137 N. COUNTY RD 1,,FORT COLLINS,CO,80524,US,,,,,,,10/19/2000
20091036976,Sugar Hill Dairy LLC,26174 WCR 42,,Kersey,CO,80644,US,26630 wcr 42,,Kersey,CO,80644,US,Good Standing,,Limited Liability Company,DLLC,Steven,H,Edstrom,,,26174 wcr,,Kersey,CO,80644,US,26630 cr 42,,Kersey,CO,80644,US,01/18/2009
20091151469,JONES DAIRY FARM,800 JONES AVENUE,,Fort Atkinson,WI,53538,US,P.O. BOX 808,,Fort Atkinson,WI,53538,US,Good Standing,,Foreign Corporation,FPC,,,,,The Corporation Company,7700 E Arapahoe Rd Ste 220,,Centennial,CO,80112-1268,US,,,,,,,03/13/2009
20091446697,"4D Dairy LLC, Dissolved June 19, 2012",4513 Weld County Road 32,,Longmont,CO,80504,US,1441 Weld County  Road 28,,Longmont,CO,80504,US,Voluntarily Dissolved,,Limited Liability Company,DLLC,James,C,Docheff,,,1441 Weld County Road 28,,Longmont,CO,80504,US,,,,,,,08/21/2009
19991117486,"HIGH COUNTRY DAIRY SUPPLIES, INC., Dissolved April 1, 2004",275 WCR 48,,Berthoud,CO,80513,US,,,,,,,Administratively Dissolved,,Corporation,DPC,,,,,,,,,,,,,,,,,,06/21/1999
20061525102,"Dairy Herd Analysts, Delinquent June 1, 2012",34290 WCR 55,,Gill,CO,80624,US,P.O. Box 204,,La Salle,CO,80645,US,Delinquent,,Limited Liability Company,DLLC,Zach,Israel,Monaghan,,,34290 WCR 55.,,Gill,CO,80624,US,P.O. Box 204,,LaSalle,CO,80645,US,12/26/2006
20101529572,"Peaches & Cream Dairy, LLC, Dissolved February 27, 2013",526 36 Rd.,,Palisade,CO,81526,US,,,,,,,Voluntarily Dissolved,,Limited Liability Company,DLLC,Heather,F,Kyle,,,526 36 Rd,,Palisade,CO,81526,US,,,,,,,09/24/2010
19981047525,"COCKROFT DAIRY FARM, LLLP",27906 WCR 388,,Kersey,CO,80644,US,,,,,,,Good Standing,,Limited Liability Limited Partnership,DLLLP,Scott,R,Cockroft,,,27906 WCR 388,,Kersey,CO,80644,US,,,,,,,03/12/1998
20011090282,"NORTH CENTRAL DAIRY GOAT ASSOCIATION, Dissolved December 28, 2005",2463 WCR 37,,Brighton,CO,80603,US,15339 Nancy Avenue,,Fort Lupton,CO,80621,US,Voluntarily Dissolved,,Nonprofit Corporation,DNC,BETTY,ANN,BOAL,,,2463 WCR 37,,BRIGHTON,CO,80603,US,,,,,,,05/03/2001
20001141876,"BOREALIS DAIRY HOLDINGS - TEXAS, LLC, Dissolved December 1, 2002",1401 WALNUT ST #300,,Boulder,CO,80302,US,,,,,,,Administratively Dissolved,,Limited Liability Company,DLLC,LEE,F.,SACHNOFF,,,370 17TH ST #5350,,DENVER,CO,80202,US,,,,,,,07/20/2000
20081158566,"Cottonwood Creek Dairy, Dissolved June 17, 2013",15264 CR 350,,Buena Vista,CO,81211,US,,,,,,,Voluntarily Dissolved,,Limited Liability Company,DLLC,Amy,Elizabeth,McMillin,,,15264 CR 350,,Buena Vista,CO,81211,US,,,,,,,03/24/2008
19981224366,"A & A DAIRY, L.L.C.",6228 N CTY RD 13,,Loveland,CO,80538,US,,,,,,,Good Standing,,Limited Liability Company,DLLC,TIMOTHY,P.,KOLDEWAY,,,6228 N CTY RD 13,,LOVELAND,CO,80538,US,,,,,,,12/17/1998
20081368401,"Rams Horn Dairy, LLC",8798 County Road 39,,Yuma,CO,80759,US,,,,,,,Good Standing,,Limited Liability Company,DLLC,Tracy,,Lungwitz,,,8798 County Road 39,,Yuma,CO,80759,US,,,,,,,07/09/2008
20011129167,"ADVANCED DAIRY ANALYSIS, LLC",6239 W 2ND ST,,Greeley,CO,80634,US,,,,,,,Good Standing,,Limited Liability Company,DLLC,GREGORY,M.,GOODELL,,,6239 W 2ND ST,,GREELEY,CO,80634,US,"8215 W. 20th St, Suite A",,Greeley,CO,80634,US,06/28/2001
20041450980,"BUXMAN DAIRY & FARMS, L.L.C.",14441 Weld County Rd 66,,Greeley,CO,80631,US,,,,,,,Good Standing,,Limited Liability Company,DLLC,Harold,C.,Buxman,,,14441 Weld County Rd 66,,Greeley,CO,80631,US,,,,,,,01/01/2005
20051226335,"Dairy Information Systems Holdings, LLC",2711 North Haskell Avenue,Suite 3400,Dallas,TX,75204,US,,,,,,,Good Standing,,Foreign Limited Liability Company,FLLC,,,,,The Corporation Company,7700 E Arapahoe Rd Ste 220,,Centennial,CO,80112-1268,US,,,,,,,06/09/2005
20101090299,"Platteville Dairy, LLC","1919 14th Street, Suite 300",,Boulder,CO,80302,US,,,,,,,Good Standing,,Limited Liability Company,DLLC,Lee,F.,Sachnoff,,,1801 California Street,Suite 3000,Denver,CO,80202,US,,,,,,,02/12/2010
20061249429,"Homestead Dairy, LLC, Delinquent December 1, 2007",35100 CNTY RD SS,,Wiley,CO,81092,US,,,,,,,Delinquent,,Limited Liability Company,DLLC,CURTIS,B,TEMPEL,,,35100 CNTY RD SS,,WILEY,CO,81092,US,,,,,,,06/16/2006
20051469488,"Hillrose Dairy, LLC",25026 CR 36,,Hillrose,CO,80733,US,,,,,,,Good Standing,,Limited Liability Company,DLLC,Hendrik,J.C.,Binnendyk,,,25026 CR 36,,Hillrose,CO,80733,US,,,,,,,12/19/2005
20101544193,"American Dairyco-Texas, LLC, Dissolved December 12, 2017",4600 WELLS FARGO CENTER,90 SOUTH 7TH STREET,Minneapolis,MN,55402,US,,,,,,,Voluntarily Dissolved,,Limited Liability Company,DLLC,,,,,"CFH Management, LLC",2595 Canyon Blvd. #420,,Boulder,CO,80302,US,,,,,,,10/01/2010
19961015328,"GRETT DAIRY AND FEEDLOT, A LIMITED PARTNERSHIP, Dissolved October 25, 2012",,,,,,,,,,,,,Voluntarily Dissolved,,Limited Partnership,DLP,LARRY,,BECKNER,,,850 ALPINE BANK BLDG,,GRAND JUNCTION,CO,81501,US,,,,,,,02/01/1996
20061456017,"R & K Dairy Inc, Delinquent May 1, 2008",19467 WCR 18,,Fort Lupton,CO,80621,US,P O Box 567,,Hudson,CO,80642,US,Delinquent,,Corporation,DPC,Robert,,Strack,,,19467 WCR 18,,Fort Lupton,CO,80621,US,P O Box 567,,Fort Lupton,CO,80642,US,11/07/2006
19871254197,"E. & J. DAIRY, INC., Dissolved December 1, 1999",,,,,,,,,,,,,Administratively Dissolved,,Corporation,DPC,,,,,,,,,,,,,,,,,,02/20/1973
20061498076,"NATURE'S WAY DAIRY LLC, Dissolved March 23, 2011",17171 WCR 22,,Fort Lupton,CO,80621,US,P O Box 659,,Hudson,CO,80642,US,Voluntarily Dissolved,,Limited Liability Company,DLLC,George,Trent,Cook,,,20500 WCR 24,,Hudson,CO,80642,US,PO Box 659,,Hudson,CO,80642,US,12/06/2006
20071270256,"Second Wind Dairy, LLC",24502 County Road 13,,Johnstown,CO,80534,US,,,,,,,Good Standing,,Limited Liability Company,DLLC,Bruce,A,Wind,,,24502 County Road 13,,Johnstown,CO,80534,US,24502 CR 13,,Johnstown,CO,80534,US,06/07/2007
19941024443,"DAIRY QUEEN OF GLENWOOD SPRINGS, INC., Dissolved January 1, 2001",51241 HIGHWAY 6 & 24,,Glenwood Springs,CO,81601,US,,,,,,,Administratively Dissolved,,Corporation,DPC,,,,,,,,,,,,,,,,,,03/02/1994
19981077094,"DAIRY SALES CORPORATION, Dissolved December 14, 2004",888 GARDEN OF THE GODS RD,STE 200,Colorado Springs,CO,80907,US,888 GARDEN OF THE GODS ROAD,SUITE 200,Colorado Springs,CO,80907,US,Voluntarily Dissolved,,Corporation,DPC,,,,,,,,,,,,,,,,,,04/24/1998
20051205871,"Lucky 7 Goat Dairy LLC, Dissolved September 16, 2009",1636 Aspen Street,,Strasburg,CO,80136,US,2806 N 5th St,,Canyon City,CO,80136,US,Voluntarily Dissolved,,Limited Liability Company,DLLC,Henry,D,Nordloh,,,2806 N 5th St,,Canon City,CO,81212,US,2806 N 5th St,,Canon City,CO,81212,US,05/20/2005
19981092046,"YSSELSTEIN DAIRY, INC., Colorado Authority Terminated November 1, 2000",1760 300TH ST,,Rock Valley,IA,51247,US,,,,,,,Revoked,,Foreign Corporation,FPC,,,,,,,,,,,,,,,,,,05/18/1998
20031106734,"BOULDER DAIRY, INC., Dissolved November 14, 2005",4479 NORTH BROADWAY,,Boulder,CO,80304,US,32863 Upper Bear Creek Dr.,,Evergreen,CO,80439,US,Voluntarily Dissolved,,Corporation,DPC,CHARLES,P. MARTIEN,LLC,,,2129 13TH ST,,BOULDER,CO,80302,US,,,,,,,04/04/2003
20031149711,"MOONLIGHT DAIRY, LLC, Dissolved October 31, 2004",504 ELDER ST,,Kersey,CO,80644,US,,,,,,,Administratively Dissolved,,Limited Liability Company,DLLC,GEORGE,H.,OTTENHOFF,,,1011 11TH AVE,,GREELEY,CO,80631,US,,,,,,,05/08/2003
20031184988,"DAIRY REPLACEMENTS, LLC, Delinquent December 1, 2011",1955 CEDAR AVE,,Canyon City,CO,81212,US,,,,,,,Delinquent,,Limited Liability Company,DLLC,RICHARD,A.,NICHOLS,,,1955 CEDAR AVE,,CANON CITY,CO,81212,US,,,,,,,06/06/2003
19991157889,"FLORIDA DAIRY PARTNERS, LLC, Dissolved November 1, 2012",23343 NW CR 236,,High Springs,FL,32643,US,23343 NW CR 236,,High Springs,FL,32643,US,Voluntarily Dissolved,,Limited Liability Company,DLLC,LEE,F.,SACHNOFF,,,370 17TH ST STE 5350,,DENVER,CO,80202,US,,,,,,,08/23/1999
19951027999,"RAILROAD DAIRY KREME, INC., Dissolved January 1, 2002",,,,,,,,,,,,,Administratively Dissolved,,Corporation,DPC,,,,,,,,,,,,,,,,,,03/07/1995
20061147488,"The Dairy Hut LLC, Delinquent October 1, 2007",456 Cedar Street,,Deer Trail,CO,80105,US,P.O Box 39,,Bennett,CO,80102,US,Delinquent,,Limited Liability Company,DLLC,Darren,,Mettee,Mr.,,41728 Way of Patience,,Deer Trail,CO,80102,US,P.O. Box 39,,Bennett,CO,80102,US,04/05/2006
20001054086,HIGH VALLEY DAIRY COOPERATIVE,1452 Wagon Wheel Road,,Crestone,CO,81131,US,P.O. Box 105,,Crestone,CO,81131,US,Good Standing,,Cooperative,DC56,JOANNA,,DOKSON,,,1452 Wagon Wheel Road,,CRESTONE,CO,81131,US,PO BOX 105,,CRESTONE,CO,81131,US,03/15/2000
20041002570,"COLORADO DAIRY GOAT EVENTS, Dissolved June 30, 2005",16075 N HWY 287,,Longmont,CO,80504,US,,,,,,,Administratively Dissolved,,Nonprofit Corporation,DNC,MARTIN,,SHEILA,,,46122 CO RD 53,,BENNETT,CO,80102,US,,,,,,,01/05/2004
20041012052,"GRAFF BROTHERS DAIRY, INC.",628 1800 RD,,Delta,CO,81416,US,,,,,,,Good Standing,,Corporation,DPC,TINA,M.,GRAFF,,,628 1800 RD,,DELTA,CO,81416,US,,,,,,,01/12/2004
20001129535,"AURORA DAIRY - GEORGIA, LLC",2595 Canyon Blvd.,Suite 420,Boulder,CO,80302,US,,,,,,,Good Standing,,Limited Liability Company,DLLC,,,,,"CFH Management, LLC",2595 Canyon Blvd. #420,,BOULDER,CO,80302,US,2595 Canyon Blvd.,Suite 420,Boulder,CO,80302,US,06/29/2000
20001253385,"LAZY K DAIRY, LLC",2192 BIRDIE DRIVE,,Milliken,CO,80543,US,,,,,,,Good Standing,,Limited Liability Company,DLLC,MICHAEL,,KATSAMPES,,,2192 BIRDIE DRIVE,,MILLIKEN,CO,80543,US,,,,,,,12/27/2000
20011175392,"GRAVES DAIRY, LLC",5821 W CTY RD 54,PO Box 312,Bellvue,CO,80512,US,,,,,,,Good Standing,,Limited Liability Company,DLLC,ROBERT,,GRAVES,,,5821 CTY RD 54,PO Box 312,BELLVUE,CO,80512,US,PO Box 312,,Bellvue,CO,80512,US,09/07/2001
19991225122,"SAXECROFT DAIRY LLC, Dissolved May 1, 2003",1660 LINCOLN ST STE 2230,,Denver,CO,80264,US,,,,,,,Administratively Dissolved,,Limited Liability Company,DLLC,ZION,SHIVELY JUDITH,A,,,1660 LINCOLN ST STE 2230,,DENVER,CO,80264,US,,,,,,,12/02/1999
20011232473,"HIGH COUNTRY DAIRY EQUIPMENT, INC., Dissolved October 1, 2003",275 WCR 48,,Berthoud,CO,80513,US,,,,,,,Administratively Dissolved,,Corporation,DPC,,,,,,,,,,,,,,,,,,12/10/2001
19981107871,"DOUBLE W FARM DAIRY, LP",,,,,,,,,,,,,Exists,,Limited Partnership,DLP,GLEN,D.,HUWA,,,26215 CO RD 65,,HOLYOKE,CO,80734,US,,,,,,,06/10/1998
20001103238,"AURORA DAIRY - TEXAS, LLC, Dissolved July 7, 2005",1401 Walnut Street,Suite 500,Boulder,CO,80302,US,"1401 Walnut Street, Suite 500",,Boulder,CO,80302,US,Voluntarily Dissolved,,Limited Liability Company,DLLC,LEE,F.,SACHNOFF,,,370 17TH ST STE 5350,,DENVER,CO,80202,US,,,,,,,05/22/2000
20061266302,LEPRINO FOODS DAIRY PRODUCTS COMPANY,1830 West 38th Avenue,,Denver,CO,80211-2200,US,,,,,,,Good Standing,,Corporation,DPC,,,,,The Corporation Company,7700 E Arapahoe Rd Ste 220,,Centennial,CO,80112-1268,US,,,,,,,07/25/2006
20121435925,American Dairy Queen Corporation,7505 Metro Boulevard,,Minneapolis,MN,55439,US,,,,,,,Good Standing,,Foreign Corporation,FPC,,,,,The Corporation Company,7700 E Arapahoe Rd Ste 220,,Centennial,CO,80112-1268,US,,,,,,,08/10/2012
20051092032,"LANETTE DAIRY LLC, Delinquent September 1, 2008",9749 TELLER COURT,,Westminster,CO,80021,US,,,,,,,Delinquent,,Limited Liability Company,DLLC,LORNA,LANETTE,EFFINGER,,,9749 TELLER COURT,,WESTMINSTER,CO,80021,US,,,,,,,03/02/2005
20071098107,"Colorado Dairy Testing Services, LLC, Delinquent August 1, 2010",34290 WCR 55,,Gill,CO,80624,US,P.O. Box 226,,Gill,CO,80624,US,Delinquent,,Limited Liability Company,DLLC,Pamela,J,Heidenreich,,,34290 WCR 55,,Gill,CO,80624,US,P.O. Box 226,,Gill,CO,80624,US,02/26/2007
20051272766,"Windsor Dairy, LLC",6427 Weld County Road 68 1/2,,Windsor,CO,80550,US,,,,,,,Good Standing,,Limited Liability Company,DLLC,Marguerita,,Cattell,,,PO Box 920,,LaPorte,CO,80535,US,"2001 S Shields St, Ste H200",,Fort Collins,CO,80526,US,07/15/2005
20031301462,"E. & J. DAIRY, INC., Dissolved November 30, 2012",10859 COUNTY RD 76 1/2,,Windsor,CO,80550,US,,,,,,,Voluntarily Dissolved,,Corporation,DPC,Joyce,,JOHNSON,,,10859 COUNTY RD 76 1/2,,WINDSOR,CO,80550,US,,,,,,,09/19/2003
20031319325,"BOB'S DAIRY HUT LLC, Delinquent December 1, 2005",456 CEDAR,,Deer Trail,CO,80105,US,,,,,,,Delinquent,,Limited Liability Company,DLLC,,,,,BOB'S DAIRY HUT,456 CEDAR,,DEER TRAIL,CO,80105,US,212 4TH AVE,,DEER TRAIL,CO,80105,US,10/08/2003
20051372262,"Chapin Dairy Two, LLC",8244 Highway 144,,Weldona,CO,80653,US,,,,,,,Good Standing,,Limited Liability Company,DLLC,A. Foy,,Chapin,,,8244 Highway 144,,Weldona,CO,80653,US,,,,,,,10/21/2005
20031380473,DULCE DAIRY LLC,25562 County Road 46,,Kersey,CO,80644,US,PO BOX 360,,Kersey,CO,80644,US,Good Standing,,Limited Liability Company,DLLC,William,,deGroot,,,25562 WCR 46,,KERSEY,CO,80644,US,PO BOX 360,,KERSEY,CO,80644,US,12/02/2003
20051465184,"Wildcat Dairy, LLC",24268 MCR 21,,Fort Morgan,CO,80701,US,,,,,,,Good Standing,,Limited Liability Company,DLLC,Edward,John,Wilgenburg,,,24268 MCR 21,,Fort Morgan,CO,80701,US,,,,,,,12/14/2005
20131663773,"Aurora Organic Dairy International, LLC","1919 14th Street, Suite 300",,Boulder,CO,80302,US,,,,,,,Good Standing,,Limited Liability Company,DLLC,Lee,F.,Sachnoff,,,1801 California Street,Suite 3000,Denver,CO,80202,US,,,,,,,11/20/2013
20061293672,"Starbuck Dairy Homeowners' Association, Inc.",8122 County Road 120,,Salida,CO,81201,US,,,,,,,Good Standing,,Nonprofit Corporation,DNC,,,,,"Stotler & Young, P.C.",1208 C Street,,SALIDA,CO,81201,US,,,,,,,07/18/2006
20131433660,"Prado Dairy, Dissolved July 29, 2013",23360 WCR 35,,La Salle,CO,80645,US,,,,,,,Voluntarily Dissolved,,Limited Partnership,DLP,MARK,,VANDER DUSSEN,,,23360 WCR 35,,LASALLE,CO,80645,US,,,,,,,07/25/2013
20051038460,"BOULDER VALLEY DAIRY SERVICE INC, Delinquent June 1, 2014",5686 Valmont Rd. #B,,Boulder,CO,80301,US,PO BOX 18624,,Boulder,CO,80308,US,Delinquent,,Corporation,DPC,EDWARD,J,MILLS,,,5686 VALMONT RD #B,,BOULDER,CO,80301,US,PO BOX 18624,,Boulder,CO,80308,US,01/25/2005
20041185400,"CONEY ISLAND DAIRYLAND, INC., Delinquent August 1, 2008",8115 COUNTY RD 144,,Salida,CO,81201,US,,,,,,,Delinquent,,Corporation,DPC,,,,,,,,,,,,,,,,,,05/20/2004
20101682820,"Kasee Dairy, LLP",2192 Birdie Drive,,Milliken,CO,80543,US,,,,,,,Good Standing,,Limited Liability Partnership,DLLP,Michael,Paul,Katsampes,,,2192 Birdie Drive,,Milliken,CO,80543,US,,,,,,,12/16/2010
20051098486,"Advanced Dairy Herd Development, Delinquent May 1, 2006",52448 County Road J,,Yuma,CO,80759,US,,,,,,,Delinquent,,Limited Liability Company,DLLC,Jody,Lynn,Brandner,,,52448 County Road J,,Yuma,CO,80759,US,,,,,,,03/08/2005
20061192010,"Dairy Clean, LLC, Dissolved December 6, 2007",5326 West A Street,,Greeley,CO,80634,US,P.O. Box 336400,,Greeley,CO,80633,US,Voluntarily Dissolved,,Limited Liability Company,DLLC,Denis,,Brunk,,,5326 West A Street,,Greeley,CO,80634,US,,,,,,,05/11/2006
20051372253,"CHAPIN DAIRY, LLC",8244 Highway 144,,Weldona,CO,80653,US,,,,,,,Good Standing,,Limited Liability Company,DLLC,A. FOY,,CHAPIN,,,8244 Highway 144,,Weldona,CO,80653,US,,,,,,,12/22/2005
20061399065,"The Billy the Kid Dairy,LLC, Delinquent July 1, 2009",15865 Alta Plaza Circle,,Peyton,CO,80831,US,,,,,,,Delinquent,,Limited Liability Company,DLLC,Andrew,Glenn,Townsend,,,15865 Alta Plaza Circle,,Peyton,CO,80831,US,,,,,,,01/01/2007
20071286187,PHILPOTT GOAT DAIRY LLC,PO BOX 3,,Hoehne,CO,81046,US,,,,,,,Good Standing,,Limited Liability Company,DLLC,SABRINA,,PHILPOTT,,,PO BOX 3,,HOEHNE,CO,81046,US,,,,,,,06/19/2007
20061354897,MILE HIGH DAIRY L.L.C.,15339 WCR 5,,Longmont,CO,80504,US,15339 WCR 5,,Longmont,CO,80504,US,Good Standing,,Limited Liability Company,DLLC,Wesley,R,Bangma,,,15339 WCR 5,,Longmont,CO,80504,US,,,,,,,08/29/2006
20121332635,"Wiedeman Dairy, LLC",5880 West 49th Street,,Greeley,CO,80634,US,,,,,,,Good Standing,,Limited Liability Company,DLLC,Thomas,,Hellerich,,,5401 W. 10th Street #201,,Greeley,CO,80634,US,,,,,,,06/19/2012
20101467420,Fruition Farms Dairy & Creamery LLP,2108 S Nile Street,,Lakewood,CO,80228,US,,,,,,,Good Standing,,Limited Liability Partnership,DLLP,Alex,,Seidel,,,2108 S Nile Street,,Lakewood,CO,80228,US,,,,,,,08/20/2010
20071548207,"New Frontier Dairy, LLC, Delinquent June 1, 2012",23343 NW CR 236,,High Springs,FL,32643,US,,,,,,,Delinquent,,Limited Liability Company,DLLC,,,,,,,,,,,,,,,,,,12/03/2007
20101544107,RK Adams Dairy Landing LLC,"55 Madison St., Suite 635",,Denver,CO,80206,US,,,,,,,Good Standing,,Limited Liability Company,DLLC,Stuart,G,Rifkin,,,"55 Madison St., Suite 635",,Denver,CO,80206,US,,,,,,,10/01/2010
20101544110,"American Dairyco-Florida, LLC",2595 Canyon Blvd. #420,,Boulder,CO,80302,US,,,,,,,Good Standing,,Limited Liability Company,DLLC,,,,,"CFH Management, LLC",2595 Canyon Blvd. #420,,Boulder,CO,80302,US,,,,,,,10/01/2010
20101544124,"American Dairyco-Georgia, LLC",2595 Canyon Blvd. #420,,Boulder,CO,80302,US,,,,,,,Good Standing,,Limited Liability Company,DLLC,,,,,"CFH Management, LLC",2595 Canyon Blvd. #420,,Boulder,CO,80302,US,,,,,,,10/01/2010
20071308570,"Brown Cow Dairy, LLC, Delinquent January 1, 2010",3766 Vale View Lane,,Mead,CO,80542,US,P.O. Box 40,,Mead,CO,80542,US,Delinquent,,Limited Liability Company,DLLC,George,H.,Ottenhoff,,,355 Eastman Park Drive,Suite 200,Windsor,CO,80550,US,,,,,,,07/02/2007
20101544177,"CFH Dairy Real Estate-Texas, LLC, Dissolved December 12, 2017",4600 WELLS FARGO CENTER,90 SOUTH 7TH STREET,Minneapolis,MN,55402,US,,,,,,,Voluntarily Dissolved,,Limited Liability Company,DLLC,,,,,"CFH Management, LLC",2595 Canyon Blvd. #420,,Boulder,CO,80302,US,2595 Canyon Blvd.,Suite 420,Boulder,CO,80302,US,10/01/2010
20121122329,"AJC DAIRY, LLC, Dissolved September 4, 2012",23000 St. Charles Rd,,Pueblo,CO,81006,US,,,,,,,Voluntarily Dissolved,,Limited Liability Company,DLLC,Anthony,J,Cesar,,,23000 St. Charles Rd,,Pueblo,CO,81006,US,,,,,,,02/26/2012
20101655880,"Dairy Land Holding, LLC",4410 Turnberry Crescent,,Pueblo,CO,81001,US,,,,,,,Good Standing,,Limited Liability Company,DLLC,,,,,Ambler & Keenan LLC,950 S. Cherry St.,Ste. 1650,Denver,CO,80246,US,,,,,,,12/02/2010
20111448498,"Blue Sky Dairy, LLC",1441 Weld County Road 28,,Longmont,CO,80504,US,,,,,,,Good Standing,,Limited Liability Company,DLLC,Dana,S,Scheidecker,,,1221 8th Ave,Suite A,Greeley,CO,80631,US,,,,,,,08/05/2011
20151656018,"Grannie's Goat Dairy, LLC, Dissolved February 25, 2016",8250 Crow Cutoff,,Pueblo,CO,81004,US,,,,,,,Voluntarily Dissolved,,Limited Liability Company,DLLC,Christal,,Burns,,,8250 Crow Cutoff,,Pueblo,CO,81004,US,,,,,,,10/09/2015
20151421310,Lone Star Dairy LLC,13346 County Road 16,,La Jara,CO,81140,US,,,,,,,Good Standing,,Limited Liability Company,DLLC,Martille,,Faatz,,,314 Walnut,,La Jara,CO,81140,US,PO Box 68,,La Jara,CO,81140,US,06/26/2015
20131156164,"Veeman Dairy, LLLP",7001 N. I-76 Frontage Road,,Wiggins,CO,80654,US,,,,,,,Good Standing,,Limited Liability Limited Partnership,DLLLP,Andrew,M,Veeman,,,7001 N. I-76 Frontage Road,,Wiggins,CO,80654,US,,,,,,,03/07/2013
20121192041,"Lost Creek Dairy, LLC",36259 County Road 16,,Roggen,CO,80652,US,,,,,,,Good Standing,,Limited Liability Company,DLLC,Douglas,,Brown,,,2000 S Colorado Blvd,"Tower Two, Suite 700",Denver,CO,80222,US,,,,,,,03/30/2012
20131017526,"Integrated Dairy Solutions, LLC",6766 E. County Road 18,,Johnstown,CO,80534,US,,,,,,,Good Standing,,Limited Liability Company,DLLC,Kevin,,Fiske,,,6766 East County Road 18,,Johnstown,CO,80534,US,,,,,,,01/08/2013
20151275079,"Mountain Sun Dairy, LLC",9100 County Road 45,,Center,CO,81125,US,,,,,,,Good Standing,,Limited Liability Company,DLLC,Marlin,,Sauder,,,9100 County Road 45,,Center,CO,81125,US,,,,,,,04/23/2015
20151777601,Zen Dairy Goats,216 US-50 Business,,Avondale,CO,81022,US,PO 44,,Avondale,CO,81022,US,Good Standing,,Limited Liability Company,DLLC,Eric,Francis,Rovegno,,,216 US-50 Business,,Avondale,CO,81022,US,216 US-50 Business,,Avondale,CO,81022,US,12/02/2015
20161185090,"Three Sisters Farm & Dairy, LLC",1152 41st Lane,,Pueblo,CO,81006,US,,,,,,,Good Standing,,Limited Liability Company,DLLC,Jennifer,L.,Dionisio,,,1152 41st Lane,,Pueblo,CO,81006,US,,,,,,,03/15/2016
20141636735,"Innovative Dairy Control Logic, Delinquent March 1, 2016",307 N 45th Ave Ct,,Greeley,CO,80634,US,,,,,,,Delinquent,,Limited Liability Company,DLLC,Kevin,Ray,Thompson,,,307 N 45th Ave Ct,,Greeley,CO,80634,US,,,,,,,10/22/2014
20141031142,"Meadowvale Dairy LLC, Delinquent June 1, 2016",1760 300th St,,Rock Valley,IA,51247,US,,,,,,,Delinquent,,Foreign Limited Liability Company,FLLC,Natalie,,Ysselstein,,,10251 Hwy 71,,Brush,CO,80723,US,,,,,,,01/16/2014
20161627798,Golden Gulch Dairy LLC,1007 N. Demaree St.,,Visalia,CA,93291,US,PO Box 6760,,Visalia,CA,93290,US,Good Standing,,Foreign Limited Liability Company,FLLC,Timothy,Garrett,Sellers,,,9231 Eastman Park Drive,,Windsor,CO,80550,US,PO Box 663,,Windsor,CO,80550,US,09/19/2016
20161256004,Diamond D Dairy LLC,4513 CR 32,,Longmont,CO,80504,US,,,,,,,Good Standing,,Limited Liability Company,DLLC,James,Charles,Docheff,Jr.,,4249 CR 32,,Longmont,CO,80504,US,4513 County Road 32,,Longmont,CO,80504,US,04/11/2016
20161846175,"CK Dairy Enterprises, LLC",6766 East County Road 18,,Johnstown,CO,80543,US,,,,,,,Good Standing,,Limited Liability Company,DLLC,Clifford,G,Fiske,,,6766 East County Road 18,,Johnstown,CO,80543,US,,,,,,,12/15/2016
20001161632,"PICKERT DAIRY, LLC",19510 County Rd 5,,Berthoud,CO,80513,US,,,,,,,Good Standing,,Limited Liability Company,DLLC,,,,,Pickert Dairy LLC,19504 County Rd 5,,Berthoud,CO,80513,US,19504 County Rd 5,,Berthoud,CO,80513,US,08/18/2000
20001211002,CROWTHER DAIRY INC.,18960 Co Rd V,,Sanford,CO,81151,US,18960 Co Rd V,,Sanford,CO,81151,US,Good Standing,,Corporation,DPC,,,,,Crowther Dairy Inc,18960 Co Rd V,,SANFORD,CO,81151,US,18960 Co Rd V,,Sanford,CO,81151,US,10/30/2000
20061311173,"Horizon Organic Dairy, LLC",12002 Airport Way,,Broomfield,CO,80021,US,12002 Airport Way,,Broomfield,CO,80021,US,Good Standing,,Foreign Limited Liability Company,FLLC,,,,,Corporate Creations Network Inc.,3773 Cherry Creek North Drive #575,,Denver,CO,80209,US,,,,,,,07/31/2006
20081565389,"Galeton Dairy Land Company, LLC",300 East 16th Street,Ste 301,Greeley,CO,80631,US,,,,,,,Good Standing,,Limited Liability Company,DLLC,Mike,,Faulkner,,,300 East 16th Street,Ste 301,Greeley,CO,80631,US,,,,,,,10/27/2008
20171775307,ALL THE DAIRY PHOTOGRAPHY LLC,2921 TIMBERWOOD DR APT 602,,Fort Collins,CO,80528,US,,,,,,,Good Standing,,Limited Liability Company,DLLC,,,,,LEGALINC CORPORATE SERVICES INC.,1155 KELLY JOHNSON BLVD,SUITE 111,COLORADO SPRINGS,CO,80920,US,,,,,,,10/17/2017
19961046186,"DAIRY FARMERS OF AMERICA, INC.",10220 N AMBASSADOR DRIVE,,Kansas City,MO,64153,US,,,,,,,Good Standing,,Foreign Corporation,FPC,,,,,Corporation Service Company,1900 W. Littleton Boulevard,,Littleton,CO,80120,US,,,,,,,04/03/1996
20071358679,"Standard Dairy Consultants, LLC",11823 Arbor Street,Suite 100,Omaha,NE,68144,US,P.O. Box 3844,,Omaha,NE,68103,US,Good Standing,,Foreign Limited Liability Company,FLLC,,,,,Corporation Service Company,1900 W. Littleton Boulevard,,Littleton,CO,80120,US,,,,,,,08/03/2007
20101544143,"CFH Dairy Real Estate-Mississippi, LLC, Dissolved November 2, 2017",2595 Canyon Blvd. #420,,Boulder,CO,80302,US,4600 Wells Fargo Center,90 South 7th Street,Minneapolis,MN,55402,US,Voluntarily Dissolved,,Limited Liability Company,DLLC,,,,,"CFH Management, LLC",2595 Canyon Blvd. #420,,Boulder,CO,80302,US,2595 Canyon Blvd.,Suite 420,Boulder,CO,80302,US,10/01/2010
20101544155,"American Dairyco-Mississippi, LLC, Dissolved November 2, 2017",2595 Canyon Blvd. #420,,Boulder,CO,80302,US,4600 Wells Fargo Center,90 South 7th Street,Minneapolis,MN,55402,US,Voluntarily Dissolved,,Limited Liability Company,DLLC,,,,,"CFH Management, LLC",2595 Canyon Blvd. #420,,Boulder,CO,80302,US,,,,,,,10/01/2010
20131612907,"Hiland Dairy Foods Company, LLC",1133 East Kearney,,Springfield,MO,65803,US,,,,,,,Good Standing,,Foreign Limited Liability Company,FLLC,,,,,Corporation Service Company,1900 W. Littleton Boulevard,,Littleton,CO,80120,US,,,,,,,10/24/2013
20151322422,"Dairy Management Solutions, LLC, Delinquent October 1, 2016",1191 Nucla St,,Aurora,CO,80011,US,,,,,,,Delinquent,,Limited Liability Company,DLLC,Brandon,,Shepherd,,,1191 Nucla St,,Aurora,CO,80011,US,,,,,,,05/14/2015
19871515982,COLORADO DAIRY GOAT ASSOCIATION,2434 County Road 12,,Erie,CO,80516,US,,,,,,,Good Standing,,Nonprofit Corporation,DNC,Melanie,,Bohren,,,8800 Quail Road,,Longmont,CO,80503,US,,,,,,,04/08/1983
19951145113,SINTON DAIRY FOODS COMPANY L.L.C.>>,12400 Coit Road,Suite 200,Dallas,TX,75251,US,,,,,,,Good Standing,,Limited Liability Company,DLLC,,,,,The Corporation Company,7700 E Arapahoe Rd Ste 220,,Centennial,CO,80112-1268,US,,,,,,,11/28/1995
20171874485,"Desert Dreams Dairy, LLC",4716 44th Lane,,Avondale,CO,81022,US,,,,,,,Good Standing,,Limited Liability Company,DLLC,Marsha,Jo,Skogen,,,4716 44th Lane,,Avondale,CO,81022,US,,,,,,,11/26/2017
19951157899,EMPIRE DAIRY LLC,1473 County Rd. S,,Wiggins,CO,80654-9605,US,,,,,,,Good Standing,,Limited Liability Company,DLLC,William,,Dinis,,,2487 US Hwy 34,,Wiggins,CO,80654,US,,,,,,,12/26/1995
19971204371,"DAIRY SPECIALISTS, L.L.C.",3309 EMPIRE ST,,Evans,CO,80620,US,,,,,,,Good Standing,,Limited Liability Company,DLLC,Randall,K,Sorensen,,,3309 Empire Street,,Evans,CO,80620,US,,,,,,,12/18/1997
20171902672,Three Bells Dairy LLC,2590 Boettcher Farm Court,,Fort Collins,CO,80524,US,605 S Bryan Ave,,Fort Collins,CO,80521,US,Good Standing,,Limited Liability Company,DLLC,Aaron,J,Olson,,,605 S Bryan Ave,,Fort Collins,CO,80521,US,,,,,,,12/01/2017
20171936215,The New Lyons Dairy Bar,138 main St unit 2,,Lyons,CO,80540,US,post office 153,,Lyons,CO,80540,US,Good Standing,,Limited Liability Company,DLLC,benji,l,boydatun,,,18621 N St Vrain,,Lyons,CO,80540,US,,,,,,,12/20/2017
20081093832,"Advanced Dairy Service, Inc.",18999 WCR 39,,La Salle,CO,80645,US,1461 43rd St  Unit 1,,Evans,CO,80620,US,Good Standing,,Corporation,DPC,Rudy,S.,Vanderwal,,,18999 WCR 39,,LaSalle,CO,80645,US,1461 43rd St  Unit 1,,Evans,CO,80620,US,02/15/2008
20111675119,SCR Dairy Inc.,3408 MCALLENS WAY,,Madison,WI,53718,US,,,,,,,Good Standing,,Foreign Corporation,FPC,,,,,"Incorp Services, Inc.","36 South 18th Avenue, Suite D",,Brighton,CO,80601,US,,,,,,,12/07/2011
20141045192,"Dairy Nutrition & Management Consulting, LLC",6108 Estuary Court,,Fort Collins,CO,80528,US,PO Box 272356,,Fort Collins,CO,80527,US,Good Standing,,Limited Liability Company,DLLC,Steven,David,Martin,,,6108 Estuary Court,,Fort Collins,CO,80528,US,PO Box 272356,,Fort Collins,CO,80527,US,01/23/2014
20151215445,"AMV Dairy Health Lab, LLC",4135 Carroway Seed Dr,,Johnstown,CO,80534,US,,,,,,,Good Standing,,Limited Liability Company,DLLC,Michael,L,Velgersdyk,,,4135 Carroway Seed Dr,,Johnstown,CO,80534,US,,,,,,,03/26/2015
20171963817,"Dairyland Electrical Industries, Inc.",PO BOX 187,,Stoughton,WI,53589,US,,,,,,,Good Standing,,Foreign Corporation,FPC,,,,,"InCorp Services, Inc.","36 South 18th Avenue, Suite D",,Brighton,CO,80601,US,,,,,,,12/28/2017
20181048330,3KS Dairy LLC,3924 36th Lane,,Avondale,CO,81022,US,3924 36th Lane,,Avondale,CO,81022,US,Good Standing,,Limited Liability Company,DLLC,Ashton,,Bohrer,,,3924 36th Lane,,Avondale,CO,81022,US,,,,,,,01/19/2018
